,id,id_congestion
0,2002,1.0
1,1130,0.703295641248671
2,1123,0.6073257949164008
3,2001,0.5471634290132404
4,1018,0.5144486324538513
5,1134,0.49942012177442735
6,1136,0.4849231661351116
7,4475,0.4836667633130376
8,1122,0.4832318546438581
9,5745,0.43104281434232145
10,1017,0.42611384942495406
11,4406,0.40383686092587223
12,1112,0.38421764762733157
13,2003,0.3651299893688992
14,3236,0.34507586740117907
15,5445,0.3347830288972649
16,5159,0.3288876002706098
17,2232,0.32110756741084373
18,3243,0.319512902290519
19,1148,0.3187397313230888
20,3209,0.31733835894462165
21,4171,0.3118295158016816
22,1142,0.2966077123804001
23,1147,0.2917270706484971
24,2008,0.2838503914178023
25,4455,0.2612351406204697
26,2276,0.2591089204600367
27,4334,0.2565961148158887
28,4150,0.2536967236880255
29,5265,0.25316516864791727
30,4407,0.25248864405141586
31,1127,0.236348700106311
32,1047,0.2339808640185561
33,2239,0.23098482651976418
34,4435,0.22890692954479558
35,4198,0.22774717309365033
36,1041,0.22595921523146806
37,4411,0.22518604426403788
38,2032,0.22470281240939402
39,5273,0.21880738378273895
40,4554,0.21846912148448824
41,2214,0.2159079926548758
42,2089,0.21073741181018651
43,2238,0.20735478882767952
44,4488,0.2067749106021069
45,5446,0.2013143906446313
46,1141,0.1999130182661641
47,5711,0.1986082922586257
48,2167,0.1971585966946941
49,2237,0.19566057794529815
50,1111,0.19285783318836378
51,4432,0.19271286363197063
52,2243,0.1890886247221417
53,2004,0.18681743500531556
54,4441,0.18536773944138396
55,3241,0.18531941625591958
56,5305,0.18270996424084276
57,3235,0.18072871363680293
58,4368,0.17855417029090556
59,1045,0.17734609065429593
60,1008,0.17734609065429593
61,4553,0.17734609065429593
62,4197,0.17676621242872328
63,5111,0.17492993138107663
64,4481,0.17454334589736156
65,3162,0.17381849811539576
66,4434,0.17377017492993138
67,1113,0.17309365033342997
68,5316,0.1720305402532135
69,5306,0.17082246061660383
70,5742,0.17072581424567507
71,2217,0.1696627041654586
72,4175,0.1671498985213105
73,4467,0.16478206243355561
74,1151,0.164202184207983
75,5313,0.16391224509519667
76,1004,0.1624625495312651
77,3207,0.1624625495312651
78,4254,0.16241422634580072
79,4380,0.16236590316033633
80,5314,0.16193099449115686
81,4512,0.16139943945104862
82,1163,0.1587416642505074
83,2274,0.15550401082439355
84,1129,0.15448922392964143
85,2213,0.15381269933314004
86,3208,0.15352276022035372
87,5274,0.1515415096163139
88,5303,0.15004349086691796
89,1114,0.14907702715763022
90,4128,0.1484488257465932
91,5315,0.1478689475210206
92,4348,0.14390644631294094
93,5428,0.14284333623272447
94,4164,0.1427466898617957
95,3136,0.14255339711993814
96,4030,0.1416352565961148
97,1146,0.1410070551850778
98,4449,0.1406687928868271
99,4417,0.140282207403112
100,5310,0.13960568280661062
101,4149,0.13912245095196676
102,4663,0.13825263361360782
103,5194,0.13477336426017203
104,2031,0.13462839470377888
105,1118,0.13264714409973904
106,5166,0.13226055861602395
107,2275,0.1321639122450952
108,2168,0.13139074127766504
109,2263,0.12892625881898134
110,3091,0.12786314873876486
111,4409,0.12699333140040592
112,5271,0.12597854450565382
113,3155,0.12593022132018944
114,4534,0.12544698946554556
115,3228,0.124625495312651
116,2254,0.12448052575625786
117,5309,0.12346573886150575
118,4237,0.12274089107953996
119,5454,0.12254759833768242
120,3125,0.12230598241036049
121,1116,0.12201604329757418
122,1044,0.12071131729003576
123,4165,0.11935826809703295
124,4377,0.11853677394413839
125,5701,0.11694210882381366
126,5217,0.11665216971102735
127,4343,0.11621726104184787
128,6451,0.11616893785638349
129,5767,0.11592732192906156
130,4152,0.11568570600173964
131,4461,0.11563738281627525
132,2261,0.115105827776167
133,5195,0.11389774813955736
134,2050,0.11268966850294772
135,2009,0.11259302213201894
136,3242,0.11230308301923263
137,4238,0.11172320479365999
138,4170,0.11128829612448052
139,5186,0.11085338745530106
140,1003,0.1107084178989079
141,5149,0.11066009471344351
142,4188,0.11027350922972842
143,5014,0.11008021648787088
144,4427,0.10974195418962018
145,1149,0.10901710640765438
146,2305,0.10819561225475983
147,4349,0.10780902677104474
148,4402,0.1076640572146516
149,4448,0.10703585580361458
150,5288,0.10674591669082825
151,3093,0.10635933120711318
152,5703,0.10635933120711318
153,4079,0.1062626848361844
154,4346,0.10616603846525563
155,2067,0.10597274572339808
156,1007,0.10548951386875423
157,1119,0.10529622112689668
158,1042,0.10529622112689668
159,2306,0.10515125157050352
160,4333,0.10510292838503914
161,2230,0.10432975741760897
162,3080,0.10403981830482266
163,4539,0.10399149511935826
164,5322,0.10379820237750073
165,4457,0.10365323282110757
166,5424,0.10341161689378564
167,4566,0.10230018362810477
168,3078,0.10201024451531845
169,2244,0.10191359814438967
170,5112,0.10128539673335266
171,1026,0.10104378080603073
172,1126,0.10070551850778003
173,5236,0.10060887213685125
174,1050,0.10051222576592249
175,1160,0.1004639025804581
176,4408,0.09973905479849232
177,2303,0.0991108533874553
178,5261,0.09872426790374021
179,1177,0.09838600560548952
180,5172,0.09833768242002512
181,1117,0.09824103604909636
182,2013,0.0980960664927032
183,4410,0.09799942012177443
184,3119,0.09770948100898812
185,4458,0.09746786508166619
186,2301,0.09737121871073741
187,5402,0.09717792596887986
188,4174,0.09669469411423601
189,4564,0.09616313907412777
190,2011,0.09606649270319899
191,1057,0.09548661447762637
192,4513,0.09529332173576882
193,4401,0.09495505943751813
194,3079,0.09490673625205373
195,4379,0.09481008988112496
196,3210,0.09456847395380304
197,4251,0.09369865661544409
198,2284,0.09273219290615638
199,4552,0.09249057697883445
200,3254,0.09239393060790567
201,5294,0.0922972842369769
202,3286,0.09210399149511936
203,2081,0.09108920460036726
204,6450,0.09099255822943848
205,3280,0.09079926548758094
206,5272,0.09060597274572339
207,1128,0.09050932637479463
208,4367,0.09036435681840146
209,4338,0.09031603363293708
210,3229,0.08939789310911375
211,5192,0.0889146612544699
212,4084,0.08862472214168358
213,4342,0.08862472214168358
214,4561,0.08789987435971779
215,3114,0.08703005702135885
216,4466,0.08703005702135885
217,5008,0.08640185561032183
218,2023,0.08630520923939305
219,4247,0.08611191649753552
220,5431,0.08606359331207113
221,2087,0.08553203827196289
222,4250,0.0851937759737122
223,3227,0.08471054411906832
224,4527,0.08408234270803132
225,4425,0.08374408040978061
226,4244,0.08369575722431623
227,3206,0.08355078766792307
228,5183,0.08321252536967237
229,4094,0.08321252536967237
230,4613,0.08263264714409974
231,4459,0.08176282980574079
232,4066,0.08161786024934764
233,5704,0.08132792113656133
234,2084,0.08127959795109693
235,4249,0.081037982023775
236,3214,0.0807480429109887
237,4426,0.0807480429109887
238,2155,0.08055475016913115
239,1115,0.07915337779066396
240,4416,0.07910505460519958
241,1056,0.0790567314197352
242,3081,0.0783318836377694
243,3118,0.07804194452498309
244,4451,0.07794529815405432
245,5296,0.07770368222673239
246,4412,0.077655359041268
247,6446,0.07741374311394607
248,1167,0.07726877355755292
249,1178,0.07712380400115976
250,1135,0.07702715763023099
251,5450,0.07678554170290905
252,1162,0.07654392577558712
253,5126,0.07581907799362134
254,4252,0.07548081569537064
255,1156,0.074900937469798
256,5743,0.0746109983570117
257,4573,0.07451435198608292
258,2310,0.07432105924422538
259,2100,0.0742244128732966
260,2300,0.07417608968783222
261,2317,0.07417608968783222
262,4433,0.0739344737605103
263,3105,0.07369285783318837
264,1183,0.07369285783318837
265,5753,0.0728713636802938
266,4193,0.07272639412390065
267,4158,0.07262974775297187
268,4204,0.07258142456750749
269,3138,0.07243645501111433
270,4570,0.07209819271286363
271,4167,0.07204986952739925
272,2192,0.0715666376727554
273,2297,0.071518314487291
274,2290,0.07142166811636223
275,4058,0.07127669855996907
276,4418,0.0711800521890403
277,5442,0.07103508263264714
278,5191,0.07093843626171838
279,5702,0.07031023485068136
280,4622,0.07031023485068136
281,4376,0.07021358847975259
282,2065,0.06973035662510872
283,5297,0.06973035662510872
284,3007,0.06963371025417996
285,5734,0.06963371025417996
286,4085,0.06929544795592925
287,3159,0.06924712477046487
288,5707,0.06900550884314294
289,5710,0.06895718565767855
290,2233,0.06890886247221417
291,3212,0.06886053928674979
292,4431,0.06857060017396346
293,2042,0.06832898424664154
294,4339,0.06813569150478399
295,4148,0.06808736831931961
296,4361,0.06808736831931961
297,4255,0.06794239876292646
298,4560,0.06765245965014013
299,2224,0.06707258142456751
300,2088,0.06697593505363873
301,2236,0.06625108727167295
302,3213,0.06591282497342225
303,4248,0.06591282497342225
304,5185,0.06586450178795786
305,4460,0.06576785541702909
306,2258,0.06542959311877838
307,4160,0.06528462356238524
308,2246,0.06489803807867014
309,4428,0.06475306852227698
310,3183,0.06465642215134822
311,4144,0.06446312940949067
312,4352,0.0643664830385619
313,1684,0.06426983666763313
314,5736,0.06378660481298927
315,1055,0.06373828162752489
316,4400,0.06364163525659612
317,3273,0.06364163525659612
318,5242,0.06359331207113172
319,4551,0.06325504977288103
320,2059,0.06315840340195225
321,4205,0.06248187880545085
322,4556,0.06190200057987823
323,5395,0.06185367739441384
324,5262,0.061805354208949455
325,2051,0.06161206146709191
326,4399,0.06137044553976998
327,4421,0.061225475983376826
328,2085,0.0609838600560549
329,4529,0.06093553687059051
330,4078,0.060887213685126125
331,3184,0.06059727457233981
332,3259,0.060548951386875424
333,5304,0.06011404271769595
334,4569,0.06001739634676718
335,4347,0.059920749975838405
336,4037,0.05972745723398087
337,4154,0.05914757900840824
338,3107,0.05851937759737122
339,4612,0.058374408040978064
340,2267,0.058326084855513674
341,2069,0.058084468928191746
342,4436,0.05803614574272736
343,4239,0.05755291388808351
344,4003,0.05726297477529719
345,3185,0.057214651589832806
346,2080,0.05706968203343964
347,2283,0.05668309654972456
348,1005,0.05663477336426017
349,1010,0.05658645017879579
350,1027,0.056489803807867014
351,3217,0.05639315743693824
352,4001,0.056199864695080703
353,1131,0.05610321832415193
354,2187,0.05600657195322316
355,1099,0.05566830965497246
356,4031,0.05561998646950807
357,1100,0.055571663284043685
358,3240,0.05533004735672176
359,3126,0.05513675461486421
360,5441,0.05513675461486421
361,3186,0.05508843142939983
362,3195,0.05494346187300667
363,2197,0.05489513868754228
364,5657,0.0548468155020779
365,4414,0.0548468155020779
366,2079,0.05470184594568474
367,2242,0.054653522760220355
368,1108,0.05460519957475597
369,5187,0.05455687638929158
370,4369,0.05455687638929158
371,3145,0.05412196772011211
372,2228,0.054073644534647726
373,1006,0.05392867497825457
374,3116,0.05388035179279018
375,2245,0.053687059050932635
376,5449,0.053687059050932635
377,2298,0.05325215038175317
378,3129,0.053155504010824396
379,4351,0.05291388808350247
380,5727,0.05257562578525177
381,4173,0.05252730259978738
382,3156,0.05228568667246545
383,5717,0.05218904030153668
384,3189,0.052140717116072294
385,2064,0.052092393930607904
386,4068,0.05204407074514352
387,4151,0.051850778003285976
388,4557,0.051850778003285976
389,1046,0.05160916207596405
390,4209,0.05102928385039142
391,2163,0.050980960664927036
392,5248,0.05035275925389002
393,5174,0.04996617377017493
394,1137,0.04986952739924616
395,5295,0.04986952739924616
396,5451,0.049676234657388615
397,3177,0.04962791147192423
398,5728,0.04962791147192423
399,5417,0.049337972359137915
400,2328,0.04914467961728037
401,4230,0.049096356431815986
402,5173,0.04885474050449406
403,4163,0.04885474050449406
404,3147,0.04856480139170774
405,4462,0.0483715086498502
406,2291,0.04817821590799266
407,3179,0.048081569537063884
408,2259,0.04798492316613511
409,2024,0.04755001449695564
410,4615,0.04745336812602687
411,5218,0.04740504494056248
412,5768,0.04730839856963371
413,4474,0.0466801971585967
414,5158,0.04629361167488161
415,2241,0.046245288489417224
416,4207,0.046196965303952835
417,2054,0.046196965303952835
418,5157,0.04610031893302407
419,4345,0.04576205663477337
420,5184,0.045665410263844596
421,4374,0.04556876389291582
422,2186,0.04547211752198705
423,5254,0.04537547115105828
424,2262,0.04537547115105828
425,3144,0.04523050159466512
426,5418,0.04523050159466512
427,4187,0.044940562481878804
428,4382,0.044940562481878804
429,5459,0.044940562481878804
430,5011,0.04484391611095004
431,5260,0.044698946554556876
432,4562,0.04465062336909249
433,4172,0.04455397699816372
434,3143,0.044360684256306175
435,4023,0.04431236107084179
436,4520,0.04421571469991302
437,2205,0.04387745240166232
438,5199,0.04363583647434039
439,2172,0.04305595824876776
440,2302,0.042814342321445834
441,5732,0.042766019135981444
442,3226,0.04266937276505267
443,2025,0.04262104957958829
444,3287,0.04262104957958829
445,4212,0.042524403208659516
446,2198,0.04233111046680197
447,5580,0.04233111046680197
448,5406,0.042234464095873205
449,4235,0.042186140910408815
450,2062,0.042186140910408815
451,1139,0.04199284816855127
452,2056,0.04199284816855127
453,3196,0.04199284816855127
454,4166,0.0415579394993718
455,2076,0.04146129312844303
456,2253,0.04146129312844303
457,4510,0.04141296994297864
458,4443,0.04131632357204987
459,2077,0.04112303083019233
460,5700,0.04112303083019233
461,5714,0.04107470764472794
462,2269,0.04097806127379917
463,2014,0.04083309171740601
464,2075,0.04073644534647724
465,3222,0.04073644534647724
466,4178,0.04059147579008408
467,1096,0.04059147579008408
468,5850,0.04049482941915531
469,5188,0.04039818304822654
470,4117,0.040349859862762155
471,3166,0.04025321349183338
472,5403,0.04005992074997584
473,5318,0.03996327437904707
474,4061,0.03981830482265391
475,2066,0.039769981637189526
476,6622,0.039721658451725136
477,4413,0.039673335266260754
478,4456,0.03957668889533198
479,4039,0.039383396153474436
480,3122,0.039045133855223735
481,2068,0.03899681066975935
482,4419,0.03894848748429497
483,2063,0.038851841113366196
484,2270,0.038755194742437424
485,1090,0.03865854837150865
486,1033,0.03861022518604427
487,3130,0.03856190200057988
488,1063,0.038465255629651106
489,4118,0.03841693244418672
490,2268,0.03832028607325795
491,4574,0.03827196288779357
492,2278,0.03822363970232918
493,2256,0.038175316516864795
494,2209,0.03803034696047164
495,3121,0.03803034696047164
496,3190,0.03793370058954287
497,2215,0.03793370058954287
498,1052,0.03764376147675655
499,2285,0.037547115105827776
500,5279,0.03735382236397024
501,5436,0.037257175993041465
502,4617,0.037257175993041465
503,2165,0.037208852807577075
504,3275,0.03716052962211269
505,2266,0.0371122064366483
506,4521,0.03701556006571954
507,5317,0.03696723688025515
508,4365,0.0367739441383976
509,2092,0.0367739441383976
510,1154,0.03672562095293322
511,4132,0.036532328211075674
512,3211,0.03648400502561129
513,2061,0.03648400502561129
514,5574,0.0364356818401469
515,5393,0.03638735865468252
516,5321,0.03638735865468252
517,4563,0.036339035469218135
518,3225,0.036290712283753745
519,5193,0.036290712283753745
520,5410,0.0360974195418962
521,4415,0.03604909635643182
522,5247,0.035952449985503045
523,5101,0.03580748042910989
524,3154,0.035420894945394805
525,4262,0.035420894945394805
526,5868,0.035372571759930416
527,4253,0.035372571759930416
528,3218,0.035372571759930416
529,5426,0.03532424857446603
530,2299,0.03532424857446603
531,4070,0.03527592538900164
532,4530,0.03522760220353726
533,2191,0.03513095583260849
534,4062,0.03498598627621533
535,2022,0.03493766309075094
536,6394,0.03484101671982217
537,5312,0.03484101671982217
538,1054,0.034696047163429014
539,4496,0.034696047163429014
540,4155,0.03435778486517831
541,2292,0.03421281530878516
542,4145,0.03382622982507007
543,5802,0.033777906639605684
544,2264,0.033536290712283756
545,4624,0.033536290712283756
546,2271,0.0333913211558906
547,4580,0.03314970522856867
548,2094,0.03310138204310428
549,4429,0.03281144293031797
550,1155,0.03266647337392481
551,4080,0.03266647337392481
552,5208,0.03213491833381657
553,1021,0.03213491833381657
554,3178,0.03198994877742341
555,3106,0.03184497922103025
556,5578,0.03179665603556587
557,3150,0.03165168647917271
558,2010,0.03150671692277955
559,4159,0.03145839373731517
560,4142,0.03145839373731517
561,2206,0.03141007055185078
562,5883,0.031313424180922006
563,5298,0.031313424180922006
564,3110,0.03126510099545762
565,5524,0.030975161882671305
566,5902,0.030878515511742533
567,5751,0.03078186914081376
568,4186,0.030733545955349374
569,4532,0.030733545955349374
570,4497,0.03068522276988499
571,4153,0.03054025321349183
572,3284,0.030250314100705517
573,4161,0.030153667729776745
574,1061,0.03000869817338359
575,2053,0.03000869817338359
576,5443,0.029912051802454816
577,4357,0.029912051802454816
578,4054,0.029718759060597275
579,2146,0.029718759060597275
580,5258,0.029622112689668502
581,3117,0.029573789504204116
582,5197,0.02952546631873973
583,2293,0.029235527205953415
584,4490,0.02918720402048903
585,5887,0.02918720402048903
586,2308,0.0289455880931671
587,3135,0.0289455880931671
588,4541,0.028897264907702714
589,4623,0.028897264907702714
590,3084,0.028559002609452013
591,3104,0.028510679423987627
592,2320,0.028510679423987627
593,4511,0.02846235623852324
594,5656,0.02836570986759447
595,4384,0.028317386682130085
596,1158,0.0282690634966657
597,2131,0.0282690634966657
598,2288,0.028220740311201312
599,4162,0.028075770754808157
600,4183,0.027979124383879384
601,4344,0.027979124383879384
602,4228,0.027930801198414998
603,3345,0.02788247801295061
604,4533,0.02778583164202184
605,5320,0.02768918527109307
606,4157,0.027640862085628683
607,1016,0.027640862085628683
608,4381,0.027640862085628683
609,1031,0.027495892529235524
610,4182,0.02744756934377114
611,2286,0.027157630230984824
612,1009,0.027157630230984824
613,5560,0.027060983860056054
614,4437,0.027012660674591668
615,2223,0.026964337489127282
616,2354,0.026916014303662895
617,4378,0.02686769111819851
618,5151,0.026722721561805354
619,5203,0.026674398376340967
620,4638,0.026674398376340967
621,5189,0.026674398376340967
622,5730,0.02652942881994781
623,3160,0.02652942881994781
624,2325,0.02643278244901904
625,2052,0.026384459263554653
626,1093,0.026384459263554653
627,5708,0.02628781289262588
628,4216,0.026239489707161494
629,4373,0.026191166521697107
630,4147,0.02609452015076834
631,4143,0.025997873779839566
632,3255,0.02594955059437518
633,5225,0.025804581037982024
634,5270,0.025659611481588865
635,2316,0.025562965110660092
636,5100,0.025562965110660092
637,5283,0.025466318739731323
638,2058,0.02522470281240939
639,5537,0.02522470281240939
640,2045,0.02517637962694501
641,2260,0.025128056441480622
642,4480,0.025128056441480622
643,1157,0.02503141007055185
644,2265,0.02503141007055185
645,2078,0.024838117328694308
646,2294,0.02478979414322992
647,4390,0.02469314777230115
648,2281,0.024644824586836762
649,4180,0.024644824586836762
650,2117,0.024596501401372376
651,5754,0.02445153184497922
652,4525,0.02411326954672852
653,4077,0.024064946361264133
654,5425,0.024016623175799747
655,5562,0.02396829999033536
656,5246,0.023919976804870974
657,5257,0.023919976804870974
658,1002,0.023919976804870974
659,6055,0.02387165361940659
660,4353,0.02387165361940659
661,5427,0.023823330433942205
662,3157,0.023823330433942205
663,2164,0.023823330433942205
664,3088,0.023726684063013433
665,4386,0.023726684063013433
666,2279,0.023726684063013433
667,5302,0.023726684063013433
668,3085,0.023581714506620274
669,2145,0.023436744950227118
670,5584,0.023388421764762732
671,5523,0.023340098579298345
672,2134,0.02329177539383396
673,2166,0.023243452208369573
674,2020,0.02319512902290519
675,2174,0.022808543539190103
676,3120,0.022663573982796944
677,4549,0.022663573982796944
678,5766,0.022566927611868175
679,3094,0.02251860442640379
680,5215,0.02251860442640379
681,3267,0.022421958055475016
682,5901,0.02237363487001063
683,6065,0.022276988499081857
684,2132,0.022228665313617474
685,4383,0.0221320189426887
686,4614,0.022083695757224315
687,5214,0.021987049386295542
688,2091,0.021987049386295542
689,5170,0.021987049386295542
690,5164,0.021987049386295542
691,4240,0.021938726200831156
692,4217,0.021842079829902387
693,5154,0.021745433458973614
694,1682,0.02164878708804484
695,5566,0.021503817531651686
696,4438,0.021503817531651686
697,3278,0.0214554943461873
698,4215,0.0214554943461873
699,4450,0.0214554943461873
700,4185,0.021407171160722913
701,5252,0.021407171160722913
702,3216,0.021407171160722913
703,2307,0.02131052478979414
704,1685,0.02131052478979414
705,5319,0.02131052478979414
706,2119,0.02131052478979414
707,2252,0.02121387841886537
708,3261,0.021165555233400985
709,2344,0.0211172320479366
710,5219,0.021068908862472212
711,1020,0.02087561612061467
712,4489,0.02087561612061467
713,1060,0.02087561612061467
714,5627,0.020827292935150284
715,5561,0.020778969749685898
716,5201,0.020778969749685898
717,5178,0.02063400019329274
718,6385,0.02053735382236397
719,5221,0.020489030636899584
720,5433,0.020489030636899584
721,5291,0.020247414709577655
722,5968,0.020247414709577655
723,3279,0.02019909152411327
724,5282,0.02019909152411327
725,5959,0.020150768338648883
726,1014,0.020150768338648883
727,4493,0.02005412196772011
728,5264,0.020005798782255724
729,5962,0.019812506040398182
730,4602,0.019812506040398182
731,2220,0.019764182854933796
732,5167,0.01971585966946941
733,5432,0.01971585966946941
734,1083,0.019425920556683095
735,5721,0.019425920556683095
736,3089,0.019425920556683095
737,2057,0.01937759737121871
738,5764,0.01937759737121871
739,2255,0.019329274185754322
740,4668,0.01928095100028994
741,4523,0.019232627814825553
742,5280,0.01913598144389678
743,5411,0.01913598144389678
744,5709,0.019087658258432394
745,3285,0.019039335072968008
746,1150,0.018749395960181693
747,2073,0.018749395960181693
748,5181,0.018701072774717307
749,2273,0.018701072774717307
750,5103,0.01855610321832415
751,3219,0.018411133661930992
752,5533,0.018362810476466606
753,5961,0.018362810476466606
754,5198,0.018314487291002223
755,4370,0.018266164105537837
756,5245,0.01807287136368029
757,5259,0.017976224992751522
758,5885,0.01787957862182275
759,5548,0.01787957862182275
760,5437,0.01787957862182275
761,5290,0.017831255436358363
762,5244,0.017831255436358363
763,5209,0.017782932250893977
764,2203,0.017782932250893977
765,1040,0.01773460906542959
766,5953,0.017686285879965208
767,1058,0.017686285879965208
768,5536,0.01763796269450082
769,4140,0.017589639509036435
770,2311,0.01754131632357205
771,5440,0.017492993138107663
772,2074,0.017492993138107663
773,3082,0.017492993138107663
774,4095,0.017444669952643276
775,4375,0.01739634676717889
776,1059,0.01739634676717889
777,4440,0.01739634676717889
778,2019,0.017348023581714507
779,4214,0.01729970039625012
780,3172,0.01729970039625012
781,1015,0.017203054025321348
782,2304,0.017106407654392575
783,5957,0.017106407654392575
784,5311,0.017106407654392575
785,4191,0.01705808446892819
786,2337,0.01705808446892819
787,2248,0.01705808446892819
788,4213,0.017009761283463806
789,5015,0.01696143809799942
790,4393,0.016913114912535034
791,2007,0.016864791727070647
792,4479,0.01671982217067749
793,4340,0.01671982217067749
794,4629,0.016671498985213105
795,4355,0.016671498985213105
796,4446,0.016671498985213105
797,2047,0.016671498985213105
798,5176,0.01662317579974872
799,2346,0.01662317579974872
800,4109,0.01662317579974872
801,4060,0.016574852614284333
802,5430,0.016574852614284333
803,2295,0.016574852614284333
804,3108,0.016526529428819946
805,2173,0.016526529428819946
806,2126,0.01647820624335556
807,1098,0.016429883057891174
808,5453,0.01638155987242679
809,3148,0.01638155987242679
810,2012,0.016333236686962405
811,5300,0.01628491350149802
812,4620,0.016188267130569246
813,5269,0.016188267130569246
814,3115,0.016188267130569246
815,5554,0.01613994394510486
816,4141,0.01613994394510486
817,5456,0.016091620759640473
818,4236,0.015994974388711704
819,5455,0.015994974388711704
820,3341,0.015946651203247317
821,4104,0.01589832801778293
822,4442,0.01589832801778293
823,5706,0.01589832801778293
824,4531,0.015850004832318545
825,5292,0.015753358461389772
826,2070,0.01570503527592539
827,5458,0.015656712090461003
828,4097,0.015608388904996617
829,2175,0.01546341934860346
830,2176,0.015415096163139073
831,5301,0.015415096163139073
832,5267,0.015318449792210302
833,5110,0.015270126606745916
834,1032,0.01522180342128153
835,5891,0.015173480235817143
836,2343,0.015173480235817143
837,2158,0.015173480235817143
838,5740,0.015173480235817143
839,4559,0.015173480235817143
840,3161,0.015125157050352759
841,3199,0.015076833864888372
842,3342,0.014980187493959601
843,5765,0.014931864308495215
844,2272,0.014931864308495215
845,4621,0.014835217937566444
846,3221,0.014835217937566444
847,2143,0.014835217937566444
848,2350,0.014545278824780128
849,3297,0.014545278824780128
850,5569,0.014448632453851357
851,3111,0.01440030926838697
852,5735,0.01440030926838697
853,4659,0.014351986082922586
854,2097,0.0143036628974582
855,2036,0.0143036628974582
856,1181,0.0143036628974582
857,5929,0.014255339711993813
858,5169,0.014255339711993813
859,2026,0.014207016526529427
860,2037,0.014207016526529427
861,5299,0.014158693341065043
862,4509,0.014158693341065043
863,1053,0.014110370155600656
864,4221,0.014013723784671885
865,5207,0.013917077413743113
866,1153,0.013820431042814342
867,5936,0.013820431042814342
868,5420,0.013772107857349955
869,5570,0.013723784671885569
870,5486,0.013723784671885569
871,2231,0.013723784671885569
872,4069,0.013723784671885569
873,5289,0.013627138300956798
874,4137,0.013578815115492412
875,3167,0.013530491930028027
876,4341,0.013530491930028027
877,4075,0.013433845559099255
878,2342,0.013433845559099255
879,5401,0.013385522373634868
880,4201,0.013337199188170484
881,1039,0.013288876002706097
882,4372,0.013288876002706097
883,5150,0.013192229631777326
884,5505,0.013192229631777326
885,2250,0.01314390644631294
886,5095,0.013095583260848554
887,5220,0.013095583260848554
888,4472,0.012998936889919783
889,4350,0.012950613704455397
890,3343,0.01290229051899101
891,4670,0.01290229051899101
892,2133,0.012853967333526626
893,4505,0.012853967333526626
894,4651,0.01280564414806224
895,4471,0.012757320962597853
896,4258,0.012708997777133468
897,2419,0.012660674591669082
898,2181,0.012612351406204696
899,5098,0.012612351406204696
900,4114,0.012564028220740311
901,4444,0.012564028220740311
902,5925,0.012564028220740311
903,5567,0.012564028220740311
904,5435,0.012564028220740311
905,4469,0.012515705035275925
906,4671,0.012515705035275925
907,5658,0.012467381849811538
908,3230,0.012419058664347152
909,4540,0.012419058664347152
910,4389,0.012419058664347152
911,1164,0.012419058664347152
912,2326,0.012322412293418381
913,4662,0.012274089107953995
914,4364,0.01222576592248961
915,5160,0.012177442737025224
916,2315,0.012177442737025224
917,6395,0.012032473180632067
918,4179,0.012032473180632067
919,2180,0.01198414999516768
920,3198,0.01198414999516768
921,2282,0.011839180438774523
922,2287,0.011790857253310137
923,4576,0.011742534067845752
924,5448,0.011694210882381366
925,1080,0.011694210882381366
926,4034,0.01164588769691698
927,3149,0.011597564511452593
928,2183,0.011597564511452593
929,5392,0.011549241325988209
930,4468,0.011500918140523822
931,5579,0.011452594955059436
932,5511,0.011452594955059436
933,3012,0.011355948584130665
934,4597,0.011355948584130665
935,5532,0.011355948584130665
936,3197,0.011355948584130665
937,3248,0.011355948584130665
938,2090,0.011355948584130665
939,4526,0.011307625398666279
940,3223,0.011307625398666279
941,6392,0.011259302213201894
942,5284,0.011259302213201894
943,3224,0.011210979027737508
944,4057,0.011162655842273122
945,4673,0.011162655842273122
946,2028,0.011114332656808735
947,4004,0.011114332656808735
948,4514,0.011114332656808735
949,4655,0.01106600947134435
950,3253,0.01106600947134435
951,4565,0.01106600947134435
952,3124,0.01106600947134435
953,2072,0.011017686285879964
954,3009,0.010969363100415578
955,1095,0.010921039914951193
956,5575,0.010872716729486807
957,3215,0.010872716729486807
958,4220,0.01082439354402242
959,4616,0.01072774717309365
960,4550,0.010679423987629263
961,4536,0.010679423987629263
962,5889,0.010679423987629263
963,5763,0.010631100802164877
964,4506,0.010631100802164877
965,5715,0.010582777616700493
966,2018,0.010534454431236106
967,4388,0.010534454431236106
968,5423,0.010534454431236106
969,4112,0.010534454431236106
970,5165,0.010534454431236106
971,6402,0.01048613124577172
972,2195,0.010437808060307335
973,5438,0.010341161689378563
974,5508,0.010341161689378563
975,2403,0.010292838503914176
976,3282,0.010196192132985405
977,5738,0.010147868947521019
978,4045,0.010147868947521019
979,6391,0.010002899391127862
980,2082,0.009954576205663477
981,4261,0.009954576205663477
982,5563,0.009906253020199091
983,3244,0.009906253020199091
984,5871,0.009857929834734705
985,4392,0.009857929834734705
986,5266,0.009809606649270318
987,5963,0.009809606649270318
988,2055,0.009809606649270318
989,5755,0.009809606649270318
990,5171,0.009761283463805934
991,4099,0.009761283463805934
992,5568,0.009761283463805934
993,4184,0.009712960278341547
994,5872,0.009664637092877161
995,5798,0.009664637092877161
996,2335,0.009664637092877161
997,2406,0.00956799072194839
998,3246,0.009519667536484004
999,3274,0.009519667536484004
1000,5913,0.00947134435101962
1001,4360,0.00947134435101962
1002,2289,0.009423021165555233
1003,4567,0.009374697980090847
1004,2309,0.00932637479462646
1005,4311,0.009278051609162076
1006,5156,0.00922972842369769
1007,5268,0.00922972842369769
1008,5398,0.009133082052768918
1009,5419,0.009133082052768918
1010,5937,0.009084758867304532
1011,5761,0.009036435681840146
1012,3095,0.009036435681840146
1013,1088,0.00898811249637576
1014,5452,0.00898811249637576
1015,4611,0.008891466125446989
1016,2189,0.008891466125446989
1017,5800,0.008891466125446989
1018,4499,0.008843142939982602
1019,3344,0.008843142939982602
1020,5550,0.008843142939982602
1021,4371,0.008843142939982602
1022,4447,0.008794819754518218
1023,4584,0.008794819754518218
1024,5153,0.008746496569053831
1025,4002,0.008698173383589445
1026,2257,0.008553203827196288
1027,5429,0.008553203827196288
1028,2247,0.008504880641731901
1029,5931,0.008504880641731901
1030,3181,0.008456557456267517
1031,4076,0.008456557456267517
1032,3232,0.00840823427080313
1033,3288,0.00840823427080313
1034,2106,0.00840823427080313
1035,4609,0.008359911085338744
1036,5416,0.008359911085338744
1037,4568,0.008359911085338744
1038,3173,0.008359911085338744
1039,4246,0.00831158789987436
1040,2351,0.00831158789987436
1041,2033,0.00831158789987436
1042,4515,0.008263264714409973
1043,3283,0.008214941528945587
1044,5908,0.008214941528945587
1045,2212,0.008214941528945587
1046,4192,0.008166618343481202
1047,4398,0.008166618343481202
1048,5629,0.008166618343481202
1049,2121,0.008118295158016816
1050,2034,0.008118295158016816
1051,5168,0.008118295158016816
1052,4190,0.008021648787088043
1053,4122,0.008021648787088043
1054,4119,0.007973325601623659
1055,2251,0.007925002416159272
1056,5928,0.007925002416159272
1057,5801,0.007876679230694886
1058,6468,0.007828356045230501
1059,4260,0.007828356045230501
1060,4011,0.007828356045230501
1061,6118,0.007780032859766116
1062,5281,0.007780032859766116
1063,4006,0.007780032859766116
1064,2225,0.007780032859766116
1065,5930,0.007780032859766116
1066,5102,0.007780032859766116
1067,1030,0.007780032859766116
1068,3289,0.00773170967430173
1069,2318,0.007635063303372959
1070,4336,0.0075867401179085725
1071,5256,0.0075867401179085725
1072,1680,0.007441770561515415
1073,4537,0.007441770561515415
1074,4656,0.007441770561515415
1075,4287,0.00739344737605103
1076,4403,0.00739344737605103
1077,4102,0.00739344737605103
1078,3238,0.00739344737605103
1079,4628,0.0073451241905866434
1080,5927,0.0073451241905866434
1081,2083,0.0073451241905866434
1082,2046,0.007296801005122258
1083,5904,0.007296801005122258
1084,5495,0.007296801005122258
1085,5293,0.007248477819657872
1086,4387,0.007151831448729101
1087,5010,0.007151831448729101
1088,5434,0.007103508263264714
1089,4354,0.007006861892335943
1090,1013,0.006958538706871557
1091,2296,0.006861892335942785
1092,5759,0.006861892335942785
1093,5659,0.006861892335942785
1094,4545,0.006861892335942785
1095,5177,0.006861892335942785
1096,3201,0.0068135691504784
1097,4519,0.0068135691504784
1098,4035,0.0068135691504784
1099,5516,0.0068135691504784
1100,2123,0.0068135691504784
1101,4200,0.006765245965014014
1102,4073,0.006716922779549628
1103,5155,0.006716922779549628
1104,4071,0.006716922779549628
1105,3098,0.006716922779549628
1106,2027,0.006668599594085242
1107,5926,0.006668599594085242
1108,2340,0.006668599594085242
1109,5152,0.006668599594085242
1110,5012,0.006620276408620856
1111,5583,0.006620276408620856
1112,4208,0.006571953223156471
1113,5005,0.006571953223156471
1114,5206,0.006523630037692085
1115,5911,0.006523630037692085
1116,4640,0.006523630037692085
1117,2357,0.006523630037692085
1118,2341,0.006523630037692085
1119,2185,0.006523630037692085
1120,5216,0.006475306852227699
1121,6038,0.006475306852227699
1122,2044,0.006475306852227699
1123,3099,0.006475306852227699
1124,1107,0.006426983666763313
1125,4665,0.006426983666763313
1126,4492,0.006426983666763313
1127,5729,0.006378660481298927
1128,4007,0.006378660481298927
1129,5240,0.006330337295834542
1130,4439,0.006330337295834542
1131,3258,0.006330337295834542
1132,2435,0.006330337295834542
1133,2016,0.006330337295834542
1134,4544,0.006330337295834542
1135,2407,0.0062820141103701556
1136,3187,0.006185367739441384
1137,3113,0.006185367739441384
1138,5243,0.006185367739441384
1139,2177,0.006185367739441384
1140,1019,0.006185367739441384
1141,4116,0.006137044553976998
1142,4223,0.006088721368512613
1143,3220,0.0060403981830482265
1144,1086,0.0060403981830482265
1145,5697,0.005992074997583841
1146,2401,0.005992074997583841
1147,2448,0.005992074997583841
1148,6386,0.005992074997583841
1149,4089,0.005992074997583841
1150,5691,0.005943751812119455
1151,5509,0.005943751812119455
1152,5471,0.005943751812119455
1153,1051,0.005895428626655069
1154,5094,0.005847105441190684
1155,4430,0.005847105441190684
1156,3008,0.005847105441190684
1157,4498,0.005847105441190684
1158,2021,0.005847105441190684
1159,2029,0.005750459070261912
1160,2015,0.005750459070261912
1161,5412,0.005750459070261912
1162,5699,0.005750459070261912
1163,5400,0.005702135884797526
1164,2234,0.005702135884797526
1165,2204,0.005702135884797526
1166,5017,0.00565381269933314
1167,4280,0.00565381269933314
1168,5006,0.00565381269933314
1169,4134,0.005605489513868755
1170,5421,0.005605489513868755
1171,4465,0.0055571663284043685
1172,5906,0.005508843142939983
1173,4485,0.005508843142939983
1174,4366,0.005460519957475597
1175,3293,0.005460519957475597
1176,5503,0.005460519957475597
1177,5576,0.005412196772011211
1178,4176,0.005412196772011211
1179,2060,0.005412196772011211
1180,6069,0.005363873586546826
1181,6383,0.005363873586546826
1182,5399,0.0053155504010824394
1183,4538,0.005267227215618054
1184,4010,0.005267227215618054
1185,4658,0.005267227215618054
1186,5444,0.005218904030153668
1187,4108,0.005170580844689282
1188,4445,0.005170580844689282
1189,6400,0.005170580844689282
1190,4130,0.005170580844689282
1191,5263,0.005122257659224896
1192,5422,0.005122257659224896
1193,2144,0.005122257659224896
1194,4331,0.005122257659224896
1195,2319,0.00507393447376051
1196,3013,0.005025611288296125
1197,2109,0.005025611288296125
1198,5522,0.005025611288296125
1199,5958,0.004977288102831739
1200,2327,0.004977288102831739
1201,3301,0.004977288102831739
1202,4274,0.004928964917367353
1203,6369,0.004928964917367353
1204,2404,0.004928964917367353
1205,5182,0.004880641731902967
1206,5896,0.004832318546438581
1207,5439,0.004832318546438581
1208,5447,0.004832318546438581
1209,3112,0.004783995360974196
1210,5541,0.004783995360974196
1211,4528,0.00473567217550981
1212,4394,0.00473567217550981
1213,3109,0.00473567217550981
1214,4524,0.00473567217550981
1215,6053,0.004687348990045424
1216,3034,0.004687348990045424
1217,5510,0.004687348990045424
1218,1174,0.004687348990045424
1219,2178,0.004687348990045424
1220,5924,0.004639025804581038
1221,5722,0.004639025804581038
1222,3176,0.004639025804581038
1223,5752,0.004639025804581038
1224,2322,0.004639025804581038
1225,3266,0.004590702619116652
1226,4518,0.004590702619116652
1227,1683,0.004590702619116652
1228,4043,0.004590702619116652
1229,2418,0.004590702619116652
1230,4046,0.004542379433652267
1231,4664,0.004542379433652267
1232,1109,0.004542379433652267
1233,5190,0.004494056248187881
1234,5994,0.004494056248187881
1235,4303,0.004494056248187881
1236,4177,0.004494056248187881
1237,2169,0.004445733062723495
1238,1144,0.004445733062723495
1239,2179,0.004445733062723495
1240,5099,0.004397409877259109
1241,5713,0.004397409877259109
1242,5681,0.004397409877259109
1243,2277,0.004349086691794723
1244,5397,0.004349086691794723
1245,1681,0.004349086691794723
1246,2447,0.004349086691794723
1247,1068,0.004349086691794723
1248,5803,0.004300763506330338
1249,3180,0.004300763506330338
1250,3175,0.004300763506330338
1251,6020,0.0042524403208659516
1252,1022,0.0042524403208659516
1253,3318,0.0042524403208659516
1254,4257,0.004204117135401566
1255,5549,0.004204117135401566
1256,5179,0.004204117135401566
1257,5716,0.004204117135401566
1258,3202,0.00415579394993718
1259,4657,0.00415579394993718
1260,4105,0.00415579394993718
1261,5948,0.004107470764472794
1262,5854,0.004107470764472794
1263,4517,0.004107470764472794
1264,5498,0.004107470764472794
1265,3290,0.004059147579008409
1266,4050,0.004059147579008409
1267,2170,0.004059147579008409
1268,3151,0.0040108243935440225
1269,1011,0.0040108243935440225
1270,5804,0.003962501208079637
1271,6128,0.003962501208079637
1272,4661,0.003962501208079637
1273,1038,0.003962501208079637
1274,3182,0.003962501208079637
1275,4395,0.003914178022615251
1276,4325,0.003914178022615251
1277,3067,0.003914178022615251
1278,3054,0.003914178022615251
1279,3317,0.003914178022615251
1280,4642,0.003914178022615251
1281,2441,0.003914178022615251
1282,4092,0.003914178022615251
1283,4026,0.003865854837150865
1284,5253,0.003865854837150865
1285,4669,0.003865854837150865
1286,5762,0.003865854837150865
1287,1034,0.003865854837150865
1288,5494,0.003865854837150865
1289,4072,0.003817531651686479
1290,4307,0.003817531651686479
1291,2324,0.003769208466222093
1292,6410,0.003769208466222093
1293,2312,0.003769208466222093
1294,3233,0.003720885280757707
1295,2280,0.003720885280757707
1296,4454,0.003720885280757707
1297,2360,0.003720885280757707
1298,6190,0.0036725620952933217
1299,4470,0.0036725620952933217
1300,2358,0.0036725620952933217
1301,1064,0.003624238909828936
1302,2314,0.003624238909828936
1303,5969,0.003624238909828936
1304,4199,0.00357591572436455
1305,2323,0.00357591572436455
1306,2336,0.00357591572436455
1307,5731,0.00357591572436455
1308,4618,0.00357591572436455
1309,5028,0.00357591572436455
1310,2442,0.003527592538900164
1311,4168,0.003527592538900164
1312,5130,0.003527592538900164
1313,2103,0.003527592538900164
1314,3100,0.003527592538900164
1315,4645,0.003527592538900164
1316,5530,0.003527592538900164
1317,4464,0.003527592538900164
1318,1168,0.003479269353435778
1319,5577,0.003479269353435778
1320,4585,0.003479269353435778
1321,1049,0.003479269353435778
1322,2359,0.0034309461679713923
1323,3251,0.0034309461679713923
1324,5892,0.0034309461679713923
1325,6008,0.003382622982507007
1326,4067,0.003382622982507007
1327,4452,0.003382622982507007
1328,5573,0.003382622982507007
1329,5018,0.003334299797042621
1330,3168,0.003285976611578235
1331,3302,0.003285976611578235
1332,2348,0.003285976611578235
1333,4125,0.003237653426113849
1334,1094,0.0031893302406494632
1335,4639,0.0031893302406494632
1336,5405,0.0031893302406494632
1337,2127,0.003092683869720692
1338,5792,0.003092683869720692
1339,2405,0.003044360684256306
1340,5526,0.003044360684256306
1341,2434,0.003044360684256306
1342,5250,0.003044360684256306
1343,4242,0.003044360684256306
1344,2235,0.003044360684256306
1345,4495,0.003044360684256306
1346,5698,0.003044360684256306
1347,5898,0.00299603749879192
1348,3188,0.00299603749879192
1349,5200,0.002947714313327534
1350,2211,0.002947714313327534
1351,4644,0.002947714313327534
1352,5128,0.002947714313327534
1353,1062,0.0028993911278631487
1354,6099,0.0028993911278631487
1355,6059,0.0028993911278631487
1356,5249,0.0028993911278631487
1357,4286,0.0028993911278631487
1358,4630,0.002851067942398763
1359,1169,0.002851067942398763
1360,3139,0.002851067942398763
1361,4020,0.002851067942398763
1362,4055,0.002851067942398763
1363,6411,0.002851067942398763
1364,2408,0.002851067942398763
1365,2216,0.002851067942398763
1366,1071,0.002802744756934377
1367,2338,0.002802744756934377
1368,3272,0.002802744756934377
1369,4202,0.002802744756934377
1370,6466,0.002802744756934377
1371,2321,0.002802744756934377
1372,5196,0.002754421571469991
1373,5161,0.002754421571469991
1374,5551,0.002754421571469991
1375,3203,0.002754421571469991
1376,3174,0.002754421571469991
1377,2451,0.002706098386005605
1378,6064,0.002706098386005605
1379,6610,0.002706098386005605
1380,2017,0.002706098386005605
1381,2355,0.002706098386005605
1382,4206,0.002706098386005605
1383,4356,0.002706098386005605
1384,3097,0.0026577752005412197
1385,5950,0.0026577752005412197
1386,6608,0.002609452015076834
1387,5415,0.002609452015076834
1388,4558,0.002609452015076834
1389,4463,0.002609452015076834
1390,4543,0.002609452015076834
1391,2199,0.002609452015076834
1392,3260,0.002609452015076834
1393,6612,0.002609452015076834
1394,6399,0.002561128829612448
1395,2229,0.002561128829612448
1396,6340,0.002561128829612448
1397,4169,0.002561128829612448
1398,3137,0.002561128829612448
1399,4295,0.002561128829612448
1400,6380,0.002512805644148062
1401,5413,0.002512805644148062
1402,5977,0.002512805644148062
1403,5525,0.002512805644148062
1404,5748,0.002512805644148062
1405,6150,0.002512805644148062
1406,2400,0.002512805644148062
1407,5085,0.002464482458683676
1408,4491,0.002464482458683676
1409,1161,0.002464482458683676
1410,5955,0.002464482458683676
1411,2201,0.002464482458683676
1412,1065,0.0024161592732192903
1413,3299,0.0024161592732192903
1414,5692,0.0024161592732192903
1415,3132,0.0024161592732192903
1416,5501,0.0024161592732192903
1417,4234,0.0024161592732192903
1418,6142,0.002367836087754905
1419,1152,0.002367836087754905
1420,5851,0.002367836087754905
1421,6393,0.002367836087754905
1422,2450,0.002367836087754905
1423,2194,0.002319512902290519
1424,5409,0.002271189716826133
1425,2041,0.002271189716826133
1426,4504,0.002271189716826133
1427,2402,0.002271189716826133
1428,3300,0.002271189716826133
1429,2193,0.002222866531361747
1430,1166,0.002222866531361747
1431,6618,0.002222866531361747
1432,5052,0.002222866531361747
1433,1023,0.002222866531361747
1434,4305,0.002222866531361747
1435,2129,0.002222866531361747
1436,4277,0.0021745433458973612
1437,5894,0.0021745433458973612
1438,4018,0.0021745433458973612
1439,3040,0.0021745433458973612
1440,5980,0.0021745433458973612
1441,4625,0.0021745433458973612
1442,4013,0.0021745433458973612
1443,6407,0.0021262201604329758
1444,5307,0.0021262201604329758
1445,6192,0.0021262201604329758
1446,4113,0.0021262201604329758
1447,4276,0.0021262201604329758
1448,4135,0.0021262201604329758
1449,5572,0.0021262201604329758
1450,4589,0.0021262201604329758
1451,4586,0.0021262201604329758
1452,6187,0.0021262201604329758
1453,4064,0.0021262201604329758
1454,3252,0.0021262201604329758
1455,6428,0.0021262201604329758
1456,4641,0.0021262201604329758
1457,1024,0.00207789697496859
1458,6367,0.00207789697496859
1459,6009,0.00207789697496859
1460,5030,0.002029573789504204
1461,1036,0.002029573789504204
1462,1012,0.002029573789504204
1463,4138,0.001981250604039818
1464,6620,0.001981250604039818
1465,1690,0.001981250604039818
1466,6462,0.001981250604039818
1467,5746,0.001981250604039818
1468,3249,0.001981250604039818
1469,2436,0.001981250604039818
1470,6047,0.0019329274185754322
1471,4121,0.0019329274185754322
1472,2356,0.0019329274185754322
1473,6194,0.0019329274185754322
1474,3169,0.0019329274185754322
1475,4009,0.0018846042331110465
1476,5138,0.0018846042331110465
1477,3231,0.0018846042331110465
1478,4610,0.0018846042331110465
1479,2226,0.0018846042331110465
1480,4233,0.0018362810476466606
1481,5480,0.0018362810476466606
1482,4312,0.0018362810476466606
1483,6401,0.0018362810476466606
1484,4649,0.0018362810476466606
1485,5502,0.0018362810476466606
1486,4637,0.0018362810476466606
1487,4053,0.0018362810476466606
1488,4590,0.0018362810476466606
1489,6238,0.001787957862182275
1490,1104,0.001787957862182275
1491,3064,0.001787957862182275
1492,1692,0.001787957862182275
1493,4136,0.001787957862182275
1494,4507,0.001787957862182275
1495,5853,0.001787957862182275
1496,3101,0.001739634676717889
1497,467,0.001739634676717889
1498,2171,0.001739634676717889
1499,5116,0.001739634676717889
1500,5687,0.001739634676717889
1501,5504,0.001739634676717889
1502,4310,0.0016913114912535032
1503,6419,0.0016913114912535032
1504,6619,0.0016913114912535032
1505,1105,0.0016913114912535032
1506,5237,0.0016429883057891175
1507,4181,0.0016429883057891175
1508,1132,0.0016429883057891175
1509,4022,0.0015946651203247316
1510,2437,0.0015946651203247316
1511,4320,0.0015946651203247316
1512,4103,0.0015946651203247316
1513,4074,0.0015946651203247316
1514,4572,0.0015946651203247316
1515,5545,0.001546341934860346
1516,5226,0.001546341934860346
1517,3142,0.001546341934860346
1518,5538,0.001546341934860346
1519,4226,0.001546341934860346
1520,1082,0.001546341934860346
1521,2202,0.00149801874939596
1522,3023,0.00149801874939596
1523,1145,0.00149801874939596
1524,4211,0.00149801874939596
1525,4547,0.00149801874939596
1526,2124,0.00149801874939596
1527,4241,0.00149801874939596
1528,2188,0.00149801874939596
1529,5978,0.00149801874939596
1530,6023,0.00149801874939596
1531,4321,0.0014496955639315742
1532,5341,0.0014496955639315742
1533,3123,0.0014496955639315742
1534,4546,0.0014496955639315742
1535,6022,0.0014496955639315742
1536,4359,0.0014496955639315742
1537,5229,0.0014013723784671885
1538,4647,0.0014013723784671885
1539,6382,0.0014013723784671885
1540,3060,0.0014013723784671885
1541,4503,0.0014013723784671885
1542,2208,0.0014013723784671885
1543,5651,0.0014013723784671885
1544,5964,0.0014013723784671885
1545,6185,0.0014013723784671885
1546,2249,0.0013530491930028026
1547,5470,0.0013530491930028026
1548,6138,0.0013530491930028026
1549,5500,0.0013530491930028026
1550,4478,0.001304726007538417
1551,6345,0.001304726007538417
1552,3298,0.001304726007538417
1553,4516,0.001304726007538417
1554,4063,0.001304726007538417
1555,1679,0.001304726007538417
1556,2151,0.001304726007538417
1557,5255,0.001256402822074031
1558,6086,0.001256402822074031
1559,2038,0.001256402822074031
1560,5396,0.001256402822074031
1561,3277,0.001256402822074031
1562,2240,0.001256402822074031
1563,6011,0.0012080796366096451
1564,4090,0.0012080796366096451
1565,6426,0.0012080796366096451
1566,5799,0.0012080796366096451
1567,2118,0.0012080796366096451
1568,2120,0.0012080796366096451
1569,4422,0.0012080796366096451
1570,3281,0.0012080796366096451
1571,2049,0.0012080796366096451
1572,2222,0.0012080796366096451
1573,5033,0.0012080796366096451
1574,2227,0.0012080796366096451
1575,3045,0.0011597564511452595
1576,3265,0.0011597564511452595
1577,5527,0.0011597564511452595
1578,1079,0.0011597564511452595
1579,5394,0.0011597564511452595
1580,5467,0.0011597564511452595
1581,4065,0.0011597564511452595
1582,3200,0.0011597564511452595
1583,2159,0.0011597564511452595
1584,5002,0.0011597564511452595
1585,4591,0.0011597564511452595
1586,3263,0.0011114332656808736
1587,3071,0.0011114332656808736
1588,6148,0.0011114332656808736
1589,4424,0.0011114332656808736
1590,3042,0.0011114332656808736
1591,2313,0.0010631100802164877
1592,5202,0.0010631100802164877
1593,4195,0.0010631100802164877
1594,4259,0.0010631100802164877
1595,4263,0.0010631100802164877
1596,4301,0.0010631100802164877
1597,4210,0.0010631100802164877
1598,3083,0.0010631100802164877
1599,4047,0.001014786894752102
1600,5869,0.001014786894752102
1601,5956,0.001014786894752102
1602,3096,0.001014786894752102
1603,5359,0.001014786894752102
1604,4019,0.001014786894752102
1605,6066,0.0009664637092877162
1606,2156,0.0009664637092877162
1607,3292,0.0009664637092877162
1608,5690,0.0009664637092877162
1609,5634,0.0009664637092877162
1610,4542,0.0009664637092877162
1611,3027,0.0009181405238233304
1612,1172,0.0009181405238233304
1613,1029,0.0009181405238233304
1614,5113,0.0009181405238233304
1615,1075,0.0009181405238233304
1616,4643,0.0009181405238233304
1617,4483,0.0009181405238233304
1618,4124,0.0009181405238233304
1619,4024,0.0009181405238233304
1620,5055,0.0009181405238233304
1621,5542,0.0008698173383589446
1622,4110,0.0008698173383589446
1623,5114,0.0008698173383589446
1624,4316,0.0008698173383589446
1625,1076,0.0008698173383589446
1626,6457,0.0008698173383589446
1627,4081,0.0008698173383589446
1628,4500,0.0008698173383589446
1629,2352,0.0008698173383589446
1630,1101,0.0008698173383589446
1631,1069,0.0008698173383589446
1632,6449,0.0008698173383589446
1633,4033,0.0008698173383589446
1634,5330,0.0008214941528945588
1635,5180,0.0008214941528945588
1636,4405,0.0008214941528945588
1637,4582,0.0008214941528945588
1638,2182,0.0008214941528945588
1639,4453,0.0008214941528945588
1640,5076,0.0008214941528945588
1641,1140,0.0008214941528945588
1642,1175,0.0008214941528945588
1643,1693,0.000773170967430173
1644,1070,0.000773170967430173
1645,4337,0.000773170967430173
1646,6377,0.000773170967430173
1647,5001,0.000773170967430173
1648,5970,0.000773170967430173
1649,5553,0.000773170967430173
1650,5013,0.000773170967430173
1651,5590,0.000773170967430173
1652,4596,0.000773170967430173
1653,4603,0.000773170967430173
1654,5649,0.000773170967430173
1655,1170,0.000773170967430173
1656,5784,0.000773170967430173
1657,2221,0.000773170967430173
1658,1025,0.000773170967430173
1659,1691,0.0007248477819657872
1660,5031,0.0007248477819657872
1661,5086,0.0007248477819657872
1662,4501,0.0007248477819657872
1663,5688,0.0007248477819657872
1664,2157,0.0007248477819657872
1665,1171,0.0007248477819657872
1666,4423,0.0007248477819657872
1667,5143,0.0007248477819657872
1668,6378,0.0007248477819657872
1669,1087,0.0006765245965014014
1670,2030,0.0006765245965014014
1671,5614,0.0006765245965014014
1672,3044,0.0006765245965014014
1673,5344,0.0006765245965014014
1674,6052,0.0006765245965014014
1675,5671,0.0006765245965014014
1676,2438,0.0006765245965014014
1677,3250,0.0006765245965014014
1678,4674,0.0006765245965014014
1679,6007,0.0006765245965014014
1680,5117,0.0006765245965014014
1681,4040,0.0006282014110370156
1682,5368,0.0006282014110370156
1683,4256,0.0006282014110370156
1684,4027,0.0006282014110370156
1685,4297,0.0006282014110370156
1686,1089,0.0006282014110370156
1687,4304,0.0006282014110370156
1688,4575,0.0006282014110370156
1689,4267,0.0006282014110370156
1690,3128,0.0006282014110370156
1691,6115,0.0006282014110370156
1692,3312,0.0006282014110370156
1693,3025,0.0006282014110370156
1694,3016,0.0006282014110370156
1695,5016,0.0006282014110370156
1696,6080,0.0006282014110370156
1697,4189,0.0006282014110370156
1698,5228,0.0005798782255726297
1699,5600,0.0005798782255726297
1700,5118,0.0005798782255726297
1701,6096,0.0005798782255726297
1702,4229,0.0005798782255726297
1703,5477,0.0005798782255726297
1704,4581,0.0005798782255726297
1705,5466,0.0005798782255726297
1706,5490,0.0005798782255726297
1707,5049,0.0005798782255726297
1708,5069,0.0005798782255726297
1709,2093,0.0005798782255726297
1710,6397,0.0005798782255726297
1711,6030,0.0005798782255726297
1712,6028,0.0005798782255726297
1713,5381,0.0005798782255726297
1714,5378,0.0005798782255726297
1715,6379,0.0005798782255726297
1716,5060,0.0005798782255726297
1717,5074,0.0005315550401082439
1718,4487,0.0005315550401082439
1719,5543,0.0005315550401082439
1720,4653,0.0005315550401082439
1721,5518,0.0005315550401082439
1722,5489,0.0005315550401082439
1723,6357,0.0005315550401082439
1724,2135,0.0005315550401082439
1725,5360,0.0005315550401082439
1726,6335,0.0005315550401082439
1727,5594,0.0005315550401082439
1728,5088,0.0005315550401082439
1729,2043,0.0005315550401082439
1730,4598,0.0005315550401082439
1731,2099,0.0005315550401082439
1732,2150,0.0005315550401082439
1733,6129,0.00048323185464385816
1734,3021,0.00048323185464385816
1735,6110,0.00048323185464385816
1736,3062,0.00048323185464385816
1737,5539,0.00048323185464385816
1738,1035,0.00048323185464385816
1739,6044,0.00048323185464385816
1740,4608,0.00048323185464385816
1741,5057,0.00048323185464385816
1742,5910,0.00048323185464385816
1743,4005,0.00048323185464385816
1744,4106,0.00048323185464385816
1745,6389,0.00048323185464385816
1746,1028,0.00048323185464385816
1747,4120,0.00048323185464385816
1748,5106,0.00048323185464385816
1749,4362,0.00048323185464385816
1750,3004,0.00048323185464385816
1751,6002,0.00048323185464385816
1752,1125,0.00048323185464385816
1753,2361,0.00048323185464385816
1754,4129,0.00043490866917947227
1755,5091,0.00043490866917947227
1756,6081,0.00043490866917947227
1757,4473,0.00043490866917947227
1758,6175,0.00043490866917947227
1759,4646,0.00043490866917947227
1760,5022,0.00043490866917947227
1761,4290,0.00043490866917947227
1762,4196,0.00043490866917947227
1763,5852,0.00043490866917947227
1764,6126,0.00043490866917947227
1765,4329,0.00043490866917947227
1766,6113,0.00043490866917947227
1767,5048,0.00043490866917947227
1768,4222,0.00043490866917947227
1769,1048,0.00043490866917947227
1770,6005,0.00043490866917947227
1771,6351,0.00043490866917947227
1772,5308,0.0003865854837150865
1773,6606,0.0003865854837150865
1774,1110,0.0003865854837150865
1775,5780,0.0003865854837150865
1776,2218,0.0003865854837150865
1777,5462,0.0003865854837150865
1778,4049,0.0003865854837150865
1779,3131,0.0003865854837150865
1780,4093,0.0003865854837150865
1781,3031,0.0003865854837150865
1782,4146,0.0003865854837150865
1783,2153,0.0003865854837150865
1784,4314,0.0003865854837150865
1785,2409,0.0003865854837150865
1786,5326,0.0003865854837150865
1787,3127,0.0003865854837150865
1788,4571,0.0003865854837150865
1789,5079,0.0003865854837150865
1790,5026,0.0003865854837150865
1791,4579,0.0003865854837150865
1792,6131,0.0003865854837150865
1793,5367,0.0003865854837150865
1794,4231,0.0003865854837150865
1795,5689,0.0003865854837150865
1796,5327,0.0003865854837150865
1797,3063,0.0003865854837150865
1798,5414,0.0003865854837150865
1799,5776,0.0003865854837150865
1800,4087,0.0003865854837150865
1801,5985,0.0003865854837150865
1802,4363,0.0003382622982507007
1803,3310,0.0003382622982507007
1804,5389,0.0003382622982507007
1805,3075,0.0003382622982507007
1806,6470,0.0003382622982507007
1807,4107,0.0003382622982507007
1808,2449,0.0003382622982507007
1809,4271,0.0003382622982507007
1810,6037,0.0003382622982507007
1811,5390,0.0003382622982507007
1812,6072,0.0003382622982507007
1813,6144,0.0003382622982507007
1814,5484,0.0003382622982507007
1815,5975,0.0003382622982507007
1816,4318,0.0003382622982507007
1817,5482,0.0003382622982507007
1818,6171,0.0003382622982507007
1819,4302,0.0003382622982507007
1820,2125,0.0003382622982507007
1821,2098,0.0003382622982507007
1822,5040,0.0003382622982507007
1823,1037,0.0003382622982507007
1824,6223,0.0003382622982507007
1825,6409,0.0003382622982507007
1826,4652,0.0003382622982507007
1827,4309,0.0003382622982507007
1828,5488,0.0002899391127863149
1829,5338,0.0002899391127863149
1830,5050,0.0002899391127863149
1831,2113,0.0002899391127863149
1832,5051,0.0002899391127863149
1833,2122,0.0002899391127863149
1834,5065,0.0002899391127863149
1835,4631,0.0002899391127863149
1836,5677,0.0002899391127863149
1837,4535,0.0002899391127863149
1838,5147,0.0002899391127863149
1839,5053,0.0002899391127863149
1840,4676,0.0002899391127863149
1841,5109,0.0002899391127863149
1842,1078,0.0002899391127863149
1843,2154,0.0002899391127863149
1844,2040,0.0002899391127863149
1845,4555,0.0002899391127863149
1846,6094,0.0002899391127863149
1847,5544,0.0002899391127863149
1848,4420,0.0002899391127863149
1849,4284,0.0002899391127863149
1850,6182,0.0002899391127863149
1851,5404,0.00024161592732192905
1852,6408,0.00024161592732192905
1853,5787,0.00024161592732192905
1854,4288,0.00024161592732192905
1855,4593,0.00024161592732192905
1856,5733,0.00024161592732192905
1857,3050,0.00024161592732192905
1858,6225,0.00024161592732192905
1859,3192,0.00024161592732192905
1860,5521,0.00024161592732192905
1861,6017,0.00024161592732192905
1862,5142,0.00024161592732192905
1863,2142,0.00024161592732192905
1864,5036,0.00024161592732192905
1865,4327,0.00024161592732192905
1866,5125,0.00024161592732192905
1867,4587,0.00024161592732192905
1868,5058,0.00024161592732192905
1869,1074,0.00024161592732192905
1870,6042,0.00024161592732192905
1871,6604,0.00024161592732192905
1872,6010,0.00024161592732192905
1873,5618,0.00024161592732192905
1874,6602,0.00024161592732192905
1875,5644,0.00024161592732192905
1876,4324,0.00024161592732192905
1877,5043,0.00019329274185754324
1878,5774,0.00019329274185754324
1879,3346,0.00019329274185754324
1880,5044,0.00019329274185754324
1881,5009,0.00019329274185754324
1882,5786,0.00019329274185754324
1883,2148,0.00019329274185754324
1884,3164,0.00019329274185754324
1885,5163,0.00019329274185754324
1886,2184,0.00019329274185754324
1887,6083,0.00019329274185754324
1888,6019,0.00019329274185754324
1889,5123,0.00019329274185754324
1890,4133,0.00019329274185754324
1891,5967,0.00019329274185754324
1892,4592,0.00019329274185754324
1893,4111,0.00019329274185754324
1894,3030,0.00019329274185754324
1895,6243,0.00019329274185754324
1896,4298,0.00019329274185754324
1897,5004,0.00019329274185754324
1898,5003,0.00019329274185754324
1899,6177,0.00019329274185754324
1900,4385,0.00019329274185754324
1901,6381,0.00019329274185754324
1902,6344,0.00019329274185754324
1903,5790,0.00019329274185754324
1904,3036,0.00019329274185754324
1905,5071,0.00019329274185754324
1906,5630,0.00019329274185754324
1907,3053,0.00019329274185754324
1908,4269,0.00019329274185754324
1909,5654,0.00019329274185754324
1910,5643,0.00019329274185754324
1911,3276,0.00019329274185754324
1912,3019,0.00019329274185754324
1913,3234,0.00014496955639315743
1914,3264,0.00014496955639315743
1915,5778,0.00014496955639315743
1916,6130,0.00014496955639315743
1917,5864,0.00014496955639315743
1918,2439,0.00014496955639315743
1919,4667,0.00014496955639315743
1920,5162,0.00014496955639315743
1921,5032,0.00014496955639315743
1922,6015,0.00014496955639315743
1923,5473,0.00014496955639315743
1924,5175,0.00014496955639315743
1925,5592,0.00014496955639315743
1926,6390,0.00014496955639315743
1927,5624,0.00014496955639315743
1928,5096,0.00014496955639315743
1929,5760,0.00014496955639315743
1930,5519,0.00014496955639315743
1931,3046,0.00014496955639315743
1932,6434,0.00014496955639315743
1933,3047,0.00014496955639315743
1934,4264,0.00014496955639315743
1935,5067,0.00014496955639315743
1936,6033,0.00014496955639315743
1937,6396,0.00014496955639315743
1938,5336,0.00014496955639315743
1939,6461,0.00014496955639315743
1940,4015,0.00014496955639315743
1941,5492,0.00014496955639315743
1942,6346,0.00014496955639315743
1943,3056,0.00014496955639315743
1944,3320,0.00014496955639315743
1945,5744,0.00014496955639315743
1946,6014,0.00014496955639315743
1947,4156,0.00014496955639315743
1948,6417,9.664637092877162e-05
1949,6073,9.664637092877162e-05
1950,5976,9.664637092877162e-05
1951,6429,9.664637092877162e-05
1952,6427,9.664637092877162e-05
1953,6103,9.664637092877162e-05
1954,6063,9.664637092877162e-05
1955,6106,9.664637092877162e-05
1956,6445,9.664637092877162e-05
1957,2333,9.664637092877162e-05
1958,6003,9.664637092877162e-05
1959,6119,9.664637092877162e-05
1960,6444,9.664637092877162e-05
1961,2329,9.664637092877162e-05
1962,3026,9.664637092877162e-05
1963,3006,9.664637092877162e-05
1964,1176,9.664637092877162e-05
1965,5148,9.664637092877162e-05
1966,4083,9.664637092877162e-05
1967,4008,9.664637092877162e-05
1968,5384,9.664637092877162e-05
1969,5646,9.664637092877162e-05
1970,5145,9.664637092877162e-05
1971,5628,9.664637092877162e-05
1972,1067,9.664637092877162e-05
1973,4017,9.664637092877162e-05
1974,4021,9.664637092877162e-05
1975,5045,9.664637092877162e-05
1976,5047,9.664637092877162e-05
1977,4032,9.664637092877162e-05
1978,4042,9.664637092877162e-05
1979,2071,9.664637092877162e-05
1980,4404,9.664637092877162e-05
1981,5132,9.664637092877162e-05
1982,5487,9.664637092877162e-05
1983,3077,9.664637092877162e-05
1984,5120,9.664637092877162e-05
1985,5334,9.664637092877162e-05
1986,1081,9.664637092877162e-05
1987,2446,9.664637092877162e-05
1988,5233,9.664637092877162e-05
1989,5232,9.664637092877162e-05
1990,5349,9.664637092877162e-05
1991,4605,9.664637092877162e-05
1992,1678,9.664637092877162e-05
1993,3146,9.664637092877162e-05
1994,4227,9.664637092877162e-05
1995,5771,9.664637092877162e-05
1996,4299,9.664637092877162e-05
1997,4508,9.664637092877162e-05
1998,5227,9.664637092877162e-05
1999,4245,9.664637092877162e-05
2000,3308,9.664637092877162e-05
2001,4675,9.664637092877162e-05
2002,5135,4.832318546438581e-05
2003,3005,4.832318546438581e-05
2004,4293,4.832318546438581e-05
2005,5239,4.832318546438581e-05
2006,4358,4.832318546438581e-05
2007,5238,4.832318546438581e-05
2008,2128,4.832318546438581e-05
2009,6068,4.832318546438581e-05
2010,1159,4.832318546438581e-05
2011,5879,4.832318546438581e-05
2012,6384,4.832318546438581e-05
2013,3039,4.832318546438581e-05
2014,6227,4.832318546438581e-05
2015,1686,4.832318546438581e-05
2016,6239,4.832318546438581e-05
2017,6240,4.832318546438581e-05
2018,3032,4.832318546438581e-05
2019,6213,4.832318546438581e-05
2020,6256,4.832318546438581e-05
2021,4583,4.832318546438581e-05
2022,4601,4.832318546438581e-05
2023,3033,4.832318546438581e-05
2024,4648,4.832318546438581e-05
2025,4660,4.832318546438581e-05
2026,1180,4.832318546438581e-05
2027,6098,4.832318546438581e-05
2028,6139,4.832318546438581e-05
2029,3041,4.832318546438581e-05
2030,4486,4.832318546438581e-05
2031,5024,4.832318546438581e-05
2032,4477,4.832318546438581e-05
2033,6127,4.832318546438581e-05
2034,5027,4.832318546438581e-05
2035,2039,4.832318546438581e-05
2036,4266,4.832318546438581e-05
2037,5081,4.832318546438581e-05
2038,6100,4.832318546438581e-05
2039,4397,4.832318546438581e-05
2040,4292,4.832318546438581e-05
2041,5881,4.832318546438581e-05
2042,3090,4.832318546438581e-05
2043,5517,4.832318546438581e-05
2044,5585,4.832318546438581e-05
2045,5598,4.832318546438581e-05
2046,4029,4.832318546438581e-05
2047,5609,4.832318546438581e-05
2048,4014,4.832318546438581e-05
2049,5942,4.832318546438581e-05
2050,5650,4.832318546438581e-05
2051,5653,4.832318546438581e-05
2052,3313,4.832318546438581e-05
2053,5682,4.832318546438581e-05
2054,5693,4.832318546438581e-05
2055,5705,4.832318546438581e-05
2056,2345,4.832318546438581e-05
2057,5772,4.832318546438581e-05
2058,5782,4.832318546438581e-05
2059,5806,4.832318546438581e-05
2060,3163,4.832318546438581e-05
2061,5900,4.832318546438581e-05
2062,5863,4.832318546438581e-05
2063,5865,4.832318546438581e-05
2064,5866,4.832318546438581e-05
2065,5875,4.832318546438581e-05
2066,6621,4.832318546438581e-05
2067,5571,4.832318546438581e-05
2068,2152,4.832318546438581e-05
2069,2200,4.832318546438581e-05
2070,5475,4.832318546438581e-05
2071,2190,4.832318546438581e-05
2072,6422,4.832318546438581e-05
2073,5339,4.832318546438581e-05
2074,5324,4.832318546438581e-05
2075,5472,4.832318546438581e-05
2076,5474,4.832318546438581e-05
2077,6436,4.832318546438581e-05
2078,4218,4.832318546438581e-05
2079,6025,4.832318546438581e-05
2080,5973,4.832318546438581e-05
2081,2196,4.832318546438581e-05
2082,6292,0.0
2083,3256,0.0
2084,4194,0.0
2085,2162,0.0
2086,6294,0.0
2087,4224,0.0
2088,6236,0.0
2089,4522,0.0
2090,6336,0.0
2091,4315,0.0
2092,6343,0.0
2093,3237,0.0
2094,3193,0.0
2095,4279,0.0
2096,3158,0.0
2097,6443,0.0
2098,3309,0.0
2099,3072,0.0
2100,2114,0.0
2101,4059,0.0
2102,4056,0.0
2103,4051,0.0
2104,3069,0.0
2105,2086,0.0
2106,6398,0.0
2107,3051,0.0
2108,4025,0.0
2109,6464,0.0
2110,2140,0.0
2111,4326,0.0
2112,2210,0.0
2113,4096,0.0
2114,6469,0.0
2115,3340,0.0
2116,4126,0.0
2117,3059,0.0
2118,6116,0.0
2119,6230,0.0
2120,5604,0.0
2121,5966,0.0
2122,5555,0.0
2123,5552,0.0
2124,5972,0.0
2125,5457,0.0
2126,5387,0.0
2127,5379,0.0
2128,5376,0.0
2129,5374,0.0
2130,5356,0.0
2131,5354,0.0
2132,5351,0.0
2133,6012,0.0
2134,6018,0.0
2135,1072,0.0
2136,1073,0.0
2137,6021,0.0
2138,5587,0.0
2139,5605,0.0
2140,6224,0.0
2141,5615,0.0
2142,5890,0.0
2143,5878,0.0
2144,5859,0.0
2145,5903,0.0
2146,5905,0.0
2147,5747,0.0
2148,5741,0.0
2149,5915,0.0
2150,5694,0.0
2151,5680,0.0
2152,5661,0.0
2153,5660,0.0
2154,5647,0.0
2155,5631,0.0
2156,5954,0.0
2157,5626,0.0
2158,5620,0.0
2159,1084,0.0
2160,5285,0.0
2161,2440,0.0
2162,1102,0.0
2163,5056,0.0
2164,6117,0.0
2165,6120,0.0
2166,5025,0.0
2167,5019,0.0
2168,1179,0.0
2169,6143,0.0
2170,4650,0.0
2171,3014,0.0
2172,4632,0.0
2173,6181,0.0
2174,2330,0.0
2175,6189,0.0
2176,6193,0.0
2177,4578,0.0
2178,6215,0.0
2179,3022,0.0
2180,5090,0.0
2181,5092,0.0
2182,5107,0.0
2183,5144,0.0
2184,6035,0.0
2185,1103,0.0
2186,2445,0.0
2187,6040,0.0
2188,6054,0.0
2189,5231,0.0
2190,6057,0.0
2191,5140,0.0
2192,6101,0.0
2193,6074,0.0
2194,5136,0.0
2195,5129,0.0
2196,6092,0.0
2197,6093,0.0
2198,5127,0.0
2199,5115,0.0
2200,5066,0.0
