,id,18~19_ride_id_mean,18~19_ride_id_sum
0,1002,4.239316239316239,496
1,1003,7.5147540983606556,2292
2,1004,9.446629213483146,3363
3,1005,4.360594795539034,1173
4,1006,4.773504273504273,1117
5,1007,6.761609907120743,2184
6,1008,9.131840796019901,3671
7,1009,4.540322580645161,563
8,1010,4.185714285714286,1172
9,1011,2.27027027027027,84
10,1012,1.7916666666666667,43
11,1013,3.717948717948718,145
12,1014,3.1666666666666665,418
13,1015,2.879032258064516,357
14,1016,4.658536585365853,573
15,1017,18.44979079497908,8819
16,1018,21.251497005988025,10647
17,1019,3.1463414634146343,129
18,1020,2.197969543147208,433
19,1021,3.1267605633802815,666
20,1022,2.3421052631578947,89
21,1023,1.9583333333333333,47
22,1024,1.6923076923076923,44
23,1025,1.1333333333333333,17
24,1026,6.099125364431487,2092
25,1027,3.9527027027027026,1170
26,1028,1.2222222222222223,11
27,1029,1.1764705882352942,20
28,1030,3.6818181818181817,162
29,1031,4.222222222222222,570
30,1032,2.7241379310344827,316
31,1033,4.790419161676646,800
32,1034,1.6875,81
33,1035,1.5714285714285714,11
34,1036,1.4827586206896552,43
35,1037,1.3333333333333333,8
36,1038,1.1527777777777777,83
37,1039,2.1904761904761907,276
38,1040,2.746268656716418,368
39,1041,14.302752293577981,4677
40,1042,7.315436241610739,2180
41,1044,6.576315789473684,2499
42,1045,8.61737089201878,3671
43,1046,2.7911227154046996,1069
44,1047,14.81039755351682,4843
45,1048,1.25,10
46,1049,1.4313725490196079,73
47,1050,5.654891304347826,2081
48,1051,1.8088235294117647,123
49,1052,8.571428571428571,780
50,1053,3.4069767441860463,293
51,1054,4.699346405228758,719
52,1055,8.91891891891892,1320
53,1056,5.420529801324503,1637
54,1057,6.045871559633028,1977
55,1058,3.110169491525424,367
56,1059,2.8203125,361
57,1060,4.811111111111111,433
58,1061,6.98876404494382,622
59,1062,2.033333333333333,61
60,1063,16.604166666666668,797
61,1064,2.1714285714285713,76
62,1065,1.3783783783783783,51
63,1067,1.0,3
64,1068,1.5964912280701755,91
65,1069,1.7272727272727273,19
66,1070,1.2142857142857142,17
67,1071,1.7352941176470589,59
68,1072,1.0,1
69,1073,1.0,1
70,1074,1.5,6
71,1075,1.0526315789473684,20
72,1076,1.1176470588235294,19
73,1078,1.1666666666666667,7
74,1079,1.0869565217391304,25
75,1080,2.4545454545454546,243
76,1081,3.0,3
77,1082,1.5,33
78,1083,2.0251256281407035,403
79,1084,1.0,1
80,1086,2.0655737704918034,126
81,1087,1.6666666666666667,15
82,1088,2.077777777777778,187
83,1089,1.0,14
84,1090,2.8303886925795054,801
85,1093,2.9567567567567568,547
86,1094,1.2641509433962264,67
87,1095,1.5033112582781456,227
88,1096,4.102439024390244,841
89,1098,1.8736263736263736,341
90,1099,4.649193548387097,1153
91,1100,3.6081504702194356,1151
92,1101,1.2666666666666666,19
93,1102,1.0,1
94,1103,1.0,1
95,1104,1.52,38
96,1105,1.5,36
97,1107,1.3673469387755102,134
98,1108,4.917391304347826,1131
99,1109,1.8269230769230769,95
100,1110,1.0,9
101,1111,8.511727078891258,3992
102,1112,15.35135135135135,7952
103,1113,7.372427983539095,3583
104,1114,7.582309582309582,3086
105,1115,5.121875,1639
106,1116,8.68041237113402,2526
107,1117,5.269430051813472,2034
108,1118,9.534722222222221,2746
109,1119,7.870036101083032,2180
110,1122,14.536337209302326,10001
111,1123,14.98092967818832,12569
112,1125,1.2222222222222223,11
113,1126,7.867924528301887,2085
114,1127,10.681222707423581,4892
115,1128,4.792838874680307,1874
116,1129,10.025078369905955,3198
117,1130,18.035935563816604,14555
118,1131,3.9389830508474577,1162
119,1132,1.2962962962962963,35
120,1134,36.78291814946619,10336
121,1135,10.031446540880504,1595
122,1136,29.86904761904762,10036
123,1137,8.82905982905983,1033
124,1139,2.4786324786324787,870
125,1140,1.5,18
126,1141,7.973025048169557,4138
127,1142,14.900485436893204,6139
128,1144,3.3214285714285716,93
129,1145,1.7777777777777777,32
130,1146,5.5494296577946765,2919
131,1147,11.633911368015415,6038
132,1148,20.11280487804878,6597
133,1149,4.332053742802303,2257
134,1150,1.6208333333333333,389
135,1151,6.377110694183865,3399
136,1152,1.4285714285714286,50
137,1153,2.4956521739130433,287
138,1154,3.4279279279279278,761
139,1155,2.697211155378486,677
140,1156,6.924107142857143,1551
141,1157,2.2370689655172415,519
142,1158,2.5929203539823007,586
143,1159,1.0,2
144,1160,5.473684210526316,2080
145,1161,1.368421052631579,52
146,1162,7.13963963963964,1585
147,1163,8.512953367875648,3286
148,1164,1.664516129032258,258
149,1166,1.46875,47
150,1167,4.610951008645533,1600
151,1168,1.3272727272727274,73
152,1169,2.3076923076923075,60
153,1170,1.5454545454545454,17
154,1171,1.2307692307692308,16
155,1172,1.8181818181818181,20
156,1174,2.6486486486486487,98
157,1175,1.0588235294117647,18
158,1176,3.0,3
159,1177,13.313725490196079,2037
160,1178,8.025125628140703,1597
161,1179,1.0,1
162,1180,1.0,2
163,1181,5.5,297
164,1183,5.610294117647059,1526
165,1678,1.0,3
166,1679,1.1666666666666667,28
167,1680,2.5833333333333335,155
168,1681,1.5964912280701755,91
169,1682,2.9155844155844157,449
170,1683,1.7142857142857142,96
171,1684,7.273224043715847,1331
172,1685,5.1395348837209305,442
173,1686,1.0,2
174,1690,1.5555555555555556,42
175,1691,1.3333333333333333,16
176,1692,1.6521739130434783,38
177,1693,1.3076923076923077,17
178,2001,15.554945054945055,11324
179,2002,18.297966401414676,20695
180,2003,14.366920152091256,7557
181,2004,6.089763779527559,3867
182,2007,2.6315789473684212,350
183,2008,13.113839285714286,5875
184,2009,5.671532846715328,2331
185,2010,2.8640350877192984,653
186,2011,5.815789473684211,1989
187,2012,2.6904761904761907,339
188,2013,5.090225563909774,2031
189,2014,2.792079207920792,846
190,2015,2.5,120
191,2016,2.8085106382978724,132
192,2017,1.5,57
193,2018,1.990909090909091,219
194,2019,3.1578947368421053,360
195,2020,3.848,481
196,2021,1.4022988505747127,122
197,2022,4.233918128654971,724
198,2023,4.79088471849866,1787
199,2024,3.8030888030888033,985
200,2025,2.7943037974683542,883
201,2026,2.048611111111111,295
202,2027,2.171875,139
203,2028,3.7868852459016393,231
204,2029,2.1052631578947367,120
205,2030,1.0,15
206,2031,6.334090909090909,2787
207,2032,10.716589861751151,4651
208,2033,1.7653061224489797,173
209,2034,1.6095238095238096,169
210,2036,2.2,297
211,2037,2.7830188679245285,295
212,2038,1.588235294117647,27
213,2039,1.0,2
214,2040,1.0,7
215,2041,1.5,48
216,2042,3.468137254901961,1415
217,2043,1.2,12
218,2044,2.5961538461538463,135
219,2045,2.2695652173913046,522
220,2046,2.1714285714285713,152
221,2047,1.977142857142857,346
222,2049,1.5294117647058822,26
223,2050,7.525806451612903,2333
224,2051,4.743494423791821,1276
225,2052,3.484076433121019,547
226,2053,5.056910569105691,622
227,2054,6.018867924528302,957
228,2055,1.8214285714285714,204
229,2056,7.435897435897436,870
230,2057,3.322314049586777,402
231,2058,1.929889298892989,523
232,2059,4.844444444444444,1308
233,2060,2.017857142857143,113
234,2061,6.24793388429752,756
235,2062,3.088339222614841,874
236,2063,3.2071713147410357,805
237,2064,3.4806451612903224,1079
238,2065,3.7216494845360826,1444
239,2066,5.35064935064935,824
240,2067,15.23611111111111,2194
241,2068,3.4237288135593222,808
242,2069,3.9834437086092715,1203
243,2070,2.6942148760330578,326
244,2071,1.0,3
245,2072,2.792682926829268,229
246,2073,4.094736842105263,389
247,2074,2.8359375,363
248,2075,5.209876543209877,844
249,2076,2.770967741935484,859
250,2077,3.191011235955056,852
251,2078,2.4065420560747666,515
252,2079,3.7641196013289036,1133
253,2080,4.282608695652174,1182
254,2081,7.063670411985019,1886
255,2082,2.0294117647058822,207
256,2083,1.6813186813186813,153
257,2084,5.572847682119205,1683
258,2085,4.295918367346939,1263
259,2086,1.0,1
260,2087,7.8017621145374445,1771
261,2088,4.67003367003367,1387
262,2089,10.77037037037037,4362
263,2090,1.5629139072847682,236
264,2091,2.85,456
265,2092,3.5441860465116277,762
266,2093,1.3,13
267,2094,3.942528735632184,686
268,2097,3.857142857142857,297
269,2098,1.1428571428571428,8
270,2099,1.3333333333333333,12
271,2100,4.942122186495177,1537
272,2103,1.510204081632653,74
273,2106,2.108433734939759,175
274,2109,1.381578947368421,105
275,2113,1.0,7
276,2114,1.0,1
277,2117,3.591549295774648,510
278,2118,1.1304347826086956,26
279,2119,2.0849056603773586,442
280,2120,1.2380952380952381,26
281,2121,2.223684210526316,169
282,2122,1.0,7
283,2123,2.0579710144927534,142
284,2124,1.4545454545454546,32
285,2125,1.1428571428571428,8
286,2126,1.7538461538461538,342
287,2127,2.3214285714285716,65
288,2128,2.0,2
289,2129,1.5161290322580645,47
290,2131,2.8038277511961724,586
291,2132,2.7604790419161676,461
292,2133,1.816326530612245,267
293,2134,1.9243027888446216,483
294,2135,1.2,12
295,2140,1.0,1
296,2142,1.0,6
297,2143,1.8333333333333333,308
298,2144,1.7540983606557377,107
299,2145,2.8757396449704142,486
300,2146,4.4,616
301,2148,1.0,5
302,2150,1.3333333333333333,12
303,2151,1.12,28
304,2152,2.0,2
305,2153,1.125,9
306,2154,1.0,7
307,2155,6.200743494423792,1668
308,2156,1.3125,21
309,2157,1.4545454545454546,16
310,2158,3.888888888888889,315
311,2159,1.1904761904761905,25
312,2162,1.0,1
313,2163,3.052023121387283,1056
314,2164,1.9603174603174602,494
315,2165,4.910828025477707,771
316,2166,4.82,482
317,2167,8.001960784313725,4081
318,2168,8.976897689768977,2720
319,2169,3.1,93
320,2170,1.8888888888888888,85
321,2171,1.2758620689655173,37
322,2172,6.9147286821705425,892
323,2173,3.008771929824561,343
324,2174,2.4635416666666665,473
325,2175,2.450381679389313,321
326,2176,2.0,320
327,2177,1.7671232876712328,129
328,2178,2.0,98
329,2179,1.4090909090909092,93
330,2180,1.8721804511278195,249
331,2181,2.2203389830508473,262
332,2182,1.5,18
333,2183,2.6777777777777776,241
334,2184,1.25,5
335,2185,1.5632183908045978,136
336,2186,4.060344827586207,942
337,2187,5.979381443298969,1160
338,2188,1.5238095238095237,32
339,2189,2.5342465753424657,185
340,2190,1.0,2
341,2191,2.628158844765343,728
342,2192,5.744186046511628,1482
343,2193,1.3428571428571427,47
344,2194,1.1395348837209303,49
345,2195,3.1,217
346,2196,1.0,2
347,2197,5.144796380090498,1137
348,2198,4.36318407960199,877
349,2199,1.4864864864864864,55
350,2200,1.0,2
351,2201,1.3,52
352,2202,1.28,32
353,2203,2.2777777777777777,369
354,2204,1.7,119
355,2205,5.5426829268292686,909
356,2206,3.042056074766355,651
357,2208,1.3636363636363635,30
358,2209,3.5495495495495497,788
359,2210,1.0,1
360,2211,1.9375,62
361,2212,2.442857142857143,171
362,2213,9.888198757763975,3184
363,2214,15.791519434628976,4469
364,2215,3.7788461538461537,786
365,2216,1.2765957446808511,60
366,2217,9.865168539325843,3512
367,2218,1.0,9
368,2220,4.183673469387755,410
369,2221,1.2142857142857142,17
370,2222,1.5294117647058822,26
371,2223,6.425287356321839,559
372,2224,5.96137339055794,1389
373,2225,1.7608695652173914,162
374,2226,1.4285714285714286,40
375,2227,1.2380952380952381,26
376,2228,5.114155251141552,1120
377,2229,2.0,54
378,2230,10.384615384615385,2160
379,2231,3.2758620689655173,285
380,2232,9.90461997019374,6646
381,2233,3.6873385012919897,1427
382,2234,1.7761194029850746,119
383,2235,1.3333333333333333,64
384,2236,7.336898395721925,1372
385,2237,8.69098712446352,4050
386,2238,13.370716510903426,4292
387,2239,14.66564417177914,4781
388,2240,1.6875,27
389,2241,2.76878612716763,958
390,2242,4.02846975088968,1132
391,2243,20.27979274611399,3914
392,2244,10.292682926829269,2110
393,2245,7.830985915492958,1112
394,2246,5.333333333333333,1344
395,2247,2.0113636363636362,177
396,2248,2.4413793103448276,354
397,2249,1.16,29
398,2250,2.5045871559633026,273
399,2251,1.71875,165
400,2252,2.7672955974842766,440
401,2253,4.4051282051282055,859
402,2254,10.185770750988143,2577
403,2255,2.5705128205128207,401
404,2256,4.207446808510638,791
405,2257,1.575221238938053,178
406,2258,5.969162995594714,1355
407,2259,4.124481327800829,994
408,2260,3.196319018404908,521
409,2261,5.660332541567696,2383
410,2262,4.723618090452261,940
411,2263,10.109848484848484,2669
412,2264,3.716577540106952,695
413,2265,3.9618320610687023,519
414,2266,3.825870646766169,769
415,2267,5.162393162393163,1208
416,2268,4.1139896373057,794
417,2269,3.807174887892377,849
418,2270,3.2379032258064515,803
419,2271,5.203007518796992,692
420,2272,3.522727272727273,310
421,2273,2.1797752808988764,388
422,2274,14.631818181818181,3219
423,2275,28.5,2736
424,2276,14.039267015706807,5363
425,2277,2.676470588235294,91
426,2278,5.577464788732394,792
427,2279,2.523076923076923,492
428,2280,1.8571428571428572,78
429,2281,5.4361702127659575,511
430,2282,2.963855421686747,246
431,2283,3.4327485380116958,1174
432,2284,5.5813953488372094,1920
433,2285,4.658682634730539,778
434,2286,5.165137614678899,563
435,2287,2.8823529411764706,245
436,2288,5.625,585
437,2289,2.5789473684210527,196
438,2290,4.665615141955836,1479
439,2291,5.905325443786983,998
440,2292,5.717741935483871,709
441,2293,4.625954198473282,606
442,2294,4.849056603773585,514
443,2295,4.095238095238095,344
444,2296,2.4237288135593222,143
445,2297,6.495614035087719,1481
446,2298,5.059633027522936,1103
447,2299,2.642599277978339,732
448,2300,5.278350515463917,1536
449,2301,14.0,2016
450,2302,6.619402985074627,887
451,2303,6.313846153846153,2052
452,2304,2.7734375,355
453,2305,6.309859154929577,2240
454,2306,6.255747126436781,2177
455,2307,4.510204081632653,442
456,2308,3.409090909090909,600
457,2309,2.131868131868132,194
458,2310,6.466386554621849,1539
459,2311,2.4594594594594597,364
460,2312,2.0789473684210527,79
461,2313,1.15,23
462,2314,1.4901960784313726,76
463,2315,2.6914893617021276,253
464,2316,5.0,530
465,2317,5.626373626373627,1536
466,2318,2.484375,159
467,2319,2.3555555555555556,106
468,2320,2.8413461538461537,591
469,2321,2.107142857142857,59
470,2322,2.0208333333333335,97
471,2323,1.744186046511628,75
472,2324,1.8372093023255813,79
473,2325,2.572769953051643,548
474,2326,1.6842105263157894,256
475,2327,1.5294117647058822,104
476,2328,4.734883720930233,1018
477,2329,1.5,3
478,2330,1.0,1
479,2333,1.0,3
480,2335,4.674418604651163,201
481,2336,1.7857142857142858,75
482,2337,7.375,354
483,2338,1.903225806451613,59
484,2340,3.2325581395348837,139
485,2341,3.4,136
486,2342,6.065217391304348,279
487,2343,3.9375,315
488,2344,6.257142857142857,438
489,2345,1.0,2
490,2346,4.367088607594937,345
491,2348,1.2545454545454546,69
492,2350,4.194444444444445,302
493,2351,1.6634615384615385,173
494,2352,1.1875,19
495,2354,3.032608695652174,558
496,2355,1.7272727272727273,57
497,2356,1.7826086956521738,41
498,2357,2.3859649122807016,136
499,2358,2.026315789473684,77
500,2359,2.057142857142857,72
501,2360,1.7727272727272727,78
502,2361,1.0,11
503,2400,1.4722222222222223,53
504,2401,3.125,125
505,2402,1.4545454545454546,48
506,2403,4.6521739130434785,214
507,2404,2.641025641025641,103
508,2405,2.206896551724138,64
509,2406,4.627906976744186,199
510,2407,2.911111111111111,131
511,2408,1.8181818181818181,60
512,2409,1.125,9
513,2418,2.4615384615384617,96
514,2419,6.116279069767442,263
515,2434,2.0,64
516,2435,2.933333333333333,132
517,2436,1.5,42
518,2437,1.2592592592592593,34
519,2438,1.6666666666666667,15
520,2439,2.0,4
521,2440,1.0,1
522,2441,2.2162162162162162,82
523,2442,2.3125,74
524,2445,1.0,1
525,2446,1.0,3
526,2447,2.275,91
527,2448,3.048780487804878,125
528,2449,1.1428571428571428,8
529,2450,1.6666666666666667,50
530,2451,1.9,57
531,3004,1.375,11
532,3005,2.0,2
533,3006,1.5,3
534,3007,4.534591194968553,1442
535,3008,2.2181818181818183,122
536,3009,2.303030303030303,228
537,3012,3.064935064935065,236
538,3013,1.9090909090909092,105
539,3014,1.0,1
540,3016,1.1666666666666667,14
541,3019,1.25,5
542,3021,1.1,11
543,3022,1.0,1
544,3023,1.3333333333333333,32
545,3025,1.4,14
546,3026,1.0,3
547,3027,1.6666666666666667,20
548,3030,1.0,5
549,3031,1.0,9
550,3032,2.0,2
551,3033,1.0,2
552,3034,2.6486486486486487,98
553,3036,1.25,5
554,3039,1.0,2
555,3040,1.6428571428571428,46
556,3041,1.0,2
557,3042,1.3333333333333333,24
558,3044,1.25,15
559,3045,1.9230769230769231,25
560,3046,1.0,4
561,3047,1.0,4
562,3050,1.0,6
563,3051,1.0,1
564,3053,1.0,5
565,3054,1.9069767441860466,82
566,3056,1.0,4
567,3059,1.0,1
568,3060,1.3636363636363635,30
569,3062,1.5714285714285714,11
570,3063,1.0,9
571,3064,1.52,38
572,3067,2.8275862068965516,82
573,3069,1.0,1
574,3071,1.263157894736842,24
575,3072,1.0,1
576,3075,1.0,8
577,3077,1.0,3
578,3078,5.949295774647887,2112
579,3079,5.428176795580111,1965
580,3080,6.136752136752137,2154
581,3081,4.443835616438356,1622
582,3082,2.556338028169014,363
583,3083,1.0952380952380953,23
584,3084,3.587878787878788,592
585,3085,3.372413793103448,489
586,3088,3.5652173913043477,492
587,3089,2.920289855072464,403
588,3090,2.0,2
589,3091,6.332535885167464,2647
590,3093,4.745689655172414,2202
591,3094,4.968085106382978,467
592,3095,1.7904761904761906,188
593,3096,1.375,22
594,3097,1.75,56
595,3098,3.1818181818181817,140
596,3099,3.857142857142857,135
597,3100,2.0,74
598,3101,2.0555555555555554,37
599,3104,2.6863636363636365,591
600,3105,5.651851851851852,1526
601,3106,4.024390243902439,660
602,3107,6.446808510638298,1212
603,3108,5.444444444444445,343
604,3109,1.8679245283018868,99
605,3110,7.1208791208791204,648
606,3111,3.4767441860465116,299
607,3112,1.7857142857142858,100
608,3113,2.1864406779661016,129
609,3114,9.740540540540541,1802
610,3115,2.604651162790698,336
611,3116,11.625,1116
612,3117,6.5212765957446805,613
613,3118,9.619047619047619,1616
614,3119,9.725961538461538,2023
615,3120,3.051948051948052,470
616,3121,5.324324324324325,788
617,3122,3.7803738317757007,809
618,3123,1.4761904761904763,31
619,3124,4.791666666666667,230
620,3125,12.29126213592233,2532
621,3126,5.438095238095238,1142
622,3127,1.5,9
623,3128,1.0,14
624,3129,7.920863309352518,1101
625,3130,6.495934959349594,799
626,3131,1.125,9
627,3132,1.5,51
628,3135,6.521739130434782,600
629,3136,20.493055555555557,2951
630,3137,1.7419354838709677,54
631,3138,6.550218340611353,1500
632,3139,1.7142857142857142,60
633,3142,1.1785714285714286,33
634,3143,4.595,919
635,3144,4.038793103448276,937
636,3145,4.690376569037657,1121
637,3146,1.0,3
638,3147,12.734177215189874,1006
639,3148,3.5416666666666665,340
640,3149,1.6853146853146854,241
641,3150,2.523076923076923,656
642,3151,2.210526315789474,84
643,3154,4.559006211180124,734
644,3155,7.162087912087912,2607
645,3156,4.438524590163935,1083
646,3157,2.3412322274881516,494
647,3158,1.0,1
648,3159,4.385321100917431,1434
649,3160,2.301255230125523,550
650,3161,3.3404255319148937,314
651,3162,12.89605734767025,3598
652,3163,2.0,2
653,3164,1.0,5
654,3166,4.068292682926829,834
655,3167,2.30327868852459,281
656,3168,1.6428571428571428,69
657,3169,1.4642857142857142,41
658,3172,7.804347826086956,359
659,3173,3.8666666666666667,174
660,3174,2.0,58
661,3175,2.4324324324324325,90
662,3176,2.7714285714285714,97
663,3177,5.743016759776537,1028
664,3178,3.810344827586207,663
665,3179,5.928571428571429,996
666,3180,2.0930232558139537,90
667,3181,2.4444444444444446,176
668,3182,1.5660377358490567,83
669,3183,5.1698841698841695,1339
670,3184,4.9604743083003955,1255
671,3185,4.522900763358779,1185
672,3186,4.5458167330677295,1141
673,3187,2.263157894736842,129
674,3188,1.5365853658536586,63
675,3189,3.857142857142857,1080
676,3190,2.535483870967742,786
677,3192,1.0,6
678,3193,1.0,1
679,3195,3.924137931034483,1138
680,3196,6.304347826086956,870
681,3197,2.744186046511628,236
682,3198,2.2232142857142856,249
683,3199,2.952830188679245,313
684,3200,1.0416666666666667,25
685,3201,1.7108433734939759,142
686,3202,1.3384615384615384,87
687,3203,1.6111111111111112,58
688,3206,6.3837638376383765,1730
689,3207,8.896825396825397,3363
690,3208,8.803324099722992,3178
691,3209,11.265866209262436,6568
692,3210,3.687382297551789,1958
693,3211,7.411764705882353,756
694,3212,4.282282282282282,1426
695,3213,3.2422802850356294,1365
696,3214,5.992831541218638,1672
697,3215,2.6588235294117646,226
698,3216,1.8122448979591836,444
699,3217,4.475095785440613,1168
700,3218,3.066945606694561,733
701,3219,3.23728813559322,382
702,3220,1.75,126
703,3221,3.85,308
704,3222,8.791666666666666,844
705,3223,3.219178082191781,235
706,3224,2.9125,233
707,3225,4.043010752688172,752
708,3226,5.777777777777778,884
709,3227,11.4640522875817,1754
710,3228,5.524625267665953,2580
711,3229,15.425,1851
712,3230,3.3076923076923075,258
713,3231,1.5384615384615385,40
714,3232,3.6458333333333335,175
715,3233,2.5161290322580645,78
716,3234,1.0,4
717,3235,6.483535528596187,3741
718,3236,11.556634304207119,7142
719,3237,1.0,1
720,3238,1.54,154
721,3240,2.8436724565756824,1146
722,3241,7.051470588235294,3836
723,3242,4.305555555555555,2325
724,3243,11.766903914590747,6613
725,3244,2.641025641025641,206
726,3246,2.6052631578947367,198
727,3248,2.9135802469135803,236
728,3249,1.4,42
729,3250,1.3636363636363635,15
730,3251,1.6,72
731,3252,1.8,45
732,3253,2.0720720720720722,230
733,3254,10.175531914893616,1913
734,3255,3.341614906832298,538
735,3256,1.0,1
736,3258,2.693877551020408,132
737,3259,8.76923076923077,1254
738,3260,1.4102564102564104,55
739,3261,2.832258064516129,439
740,3263,1.1428571428571428,24
741,3264,1.3333333333333333,4
742,3265,1.4705882352941178,25
743,3266,1.352112676056338,96
744,3267,2.473404255319149,465
745,3272,1.6857142857142857,59
746,3273,10.892561983471074,1318
747,3274,2.3855421686746987,198
748,3275,6.311475409836065,770
749,3276,1.0,5
750,3277,1.125,27
751,3278,2.2588832487309647,445
752,3279,3.6120689655172415,419
753,3280,6.962962962962963,1880
754,3281,1.4444444444444444,26
755,3282,2.0784313725490198,212
756,3283,1.9883720930232558,171
757,3284,4.786259541984733,627
758,3285,2.453416149068323,395
759,3286,10.774011299435028,1907
760,3287,5.733766233766234,883
761,3288,1.7857142857142858,175
762,3289,3.577777777777778,161
763,3290,1.6346153846153846,85
764,3292,1.2352941176470589,21
765,3293,1.4615384615384615,114
766,3297,6.291666666666667,302
767,3298,1.4736842105263157,28
768,3299,1.8214285714285714,51
769,3300,1.8461538461538463,48
770,3301,2.5365853658536586,104
771,3302,2.090909090909091,69
772,3308,1.0,3
773,3309,1.0,1
774,3310,1.1428571428571428,8
775,3312,1.2727272727272727,14
776,3313,2.0,2
777,3317,2.411764705882353,82
778,3318,2.6176470588235294,89
779,3320,2.0,4
780,3340,1.0,1
781,3341,5.610169491525424,331
782,3342,4.641791044776119,311
783,3343,4.962962962962963,268
784,3344,2.7058823529411766,184
785,3345,6.568181818181818,578
786,3346,1.0,5
787,4001,4.18705035971223,1164
788,4002,1.6454545454545455,181
789,4003,12.354166666666666,1186
790,4004,2.264705882352941,231
791,4005,1.2222222222222223,11
792,4006,1.6363636363636365,162
793,4007,1.4615384615384615,133
794,4008,1.0,3
795,4009,1.6666666666666667,40
796,4010,1.5068493150684932,110
797,4011,1.7157894736842105,163
798,4013,1.3529411764705883,46
799,4014,1.0,2
800,4015,1.0,4
801,4017,1.0,3
802,4018,1.4838709677419355,46
803,4019,1.2941176470588236,22
804,4020,1.3043478260869565,60
805,4021,1.5,3
806,4022,3.090909090909091,34
807,4023,3.4904942965779466,918
808,4024,1.5384615384615385,20
809,4025,1.0,1
810,4026,1.62,81
811,4027,1.0,14
812,4029,1.0,2
813,4030,8.778443113772456,2932
814,4031,3.986159169550173,1152
815,4032,1.0,3
816,4033,1.3571428571428572,19
817,4034,1.9836065573770492,242
818,4035,1.9189189189189189,142
819,4037,10.139344262295081,1237
820,4039,18.133333333333333,816
821,4040,1.1666666666666667,14
822,4042,1.0,3
823,4043,1.5483870967741935,96
824,4045,2.1530612244897958,211
825,4046,1.3768115942028984,95
826,4047,1.6923076923076923,22
827,4049,1.125,9
828,4050,1.6037735849056605,85
829,4051,1.0,1
830,4053,1.3928571428571428,39
831,4054,4.4963503649635035,616
832,4055,1.6666666666666667,60
833,4056,1.0,1
834,4057,1.982905982905983,232
835,4058,6.362068965517241,1476
836,4059,1.0,1
837,4060,3.1559633027522938,344
838,4061,4.166666666666667,825
839,4062,3.918918918918919,725
840,4063,1.5555555555555556,28
841,4064,1.5,45
842,4065,1.9230769230769231,25
843,4066,6.653543307086614,1690
844,4067,1.3148148148148149,71
845,4068,7.7,1078
846,4069,2.638888888888889,285
847,4070,5.297101449275362,731
848,4071,2.1538461538461537,140
849,4072,1.7777777777777777,80
850,4073,2.2950819672131146,140
851,4074,1.1724137931034482,34
852,4075,4.292307692307692,279
853,4076,2.3157894736842106,176
854,4077,2.654255319148936,499
855,4078,4.189368770764119,1261
856,4079,6.451612903225806,2200
857,4080,2.786008230452675,677
858,4081,1.1875,19
859,4083,1.0,3
860,4084,7.8418803418803416,1835
861,4085,5.394736842105263,1435
862,4087,1.2857142857142858,9
863,4089,1.9841269841269842,125
864,4090,1.368421052631579,26
865,4092,1.4137931034482758,82
866,4093,1.125,9
867,4094,11.261437908496733,1723
868,4095,4.36144578313253,362
869,4096,1.0,1
870,4097,2.8173913043478263,324
871,4099,3.759259259259259,203
872,4102,1.7303370786516854,154
873,4103,1.1333333333333333,34
874,4104,2.1710526315789473,330
875,4105,1.3384615384615384,87
876,4106,1.2222222222222223,11
877,4107,1.0,8
878,4108,1.542857142857143,108
879,4109,3.0,345
880,4110,1.2666666666666666,19
881,4111,2.5,5
882,4112,1.9210526315789473,219
883,4113,1.2857142857142858,45
884,4114,2.0714285714285716,261
885,4116,1.8028169014084507,128
886,4117,3.572649572649573,836
887,4118,5.102564102564102,796
888,4119,1.711340206185567,166
889,4120,1.1,11
890,4121,1.9523809523809523,41
891,4122,2.982142857142857,167
892,4124,1.25,20
893,4125,1.5813953488372092,68
894,4126,1.0,1
895,4128,17.264044943820224,3073
896,4129,1.0,10
897,4130,3.0,108
898,4132,4.479289940828402,757
899,4133,1.25,5
900,4134,2.1272727272727274,117
901,4135,1.6666666666666667,45
902,4136,1.0555555555555556,38
903,4137,2.203125,282
904,4138,1.6153846153846154,42
905,4140,2.3701298701298703,365
906,4141,2.175324675324675,335
907,4142,3.6022099447513813,652
908,4143,2.8978494623655915,539
909,4144,4.767857142857143,1335
910,4145,2.8495934959349594,701
911,4146,1.125,9
912,4147,4.918181818181818,541
913,4148,8.703703703703704,1410
914,4149,8.135593220338983,2880
915,4150,14.077747989276139,5251
916,4151,3.891304347826087,1074
917,4152,7.904290429042904,2395
918,4153,2.47265625,633
919,4154,4.029605263157895,1225
920,4155,4.395061728395062,712
921,4156,1.3333333333333333,4
922,4157,2.3198380566801617,573
923,4158,5.529411764705882,1504
924,4159,3.7906976744186047,652
925,4160,6.17351598173516,1352
926,4161,3.930817610062893,625
927,4162,3.88,582
928,4163,5.5,1012
929,4164,7.369077306733167,2955
930,4165,6.086206896551724,2471
931,4166,4.730769230769231,861
932,4167,7.037735849056604,1492
933,4168,2.0,74
934,4169,2.7,54
935,4170,6.453781512605042,2304
936,4171,15.975247524752476,6454
937,4172,5.185393258426966,923
938,4173,5.06046511627907,1088
939,4174,5.976119402985074,2002
940,4175,8.357487922705314,3460
941,4176,2.825,113
942,4177,2.611111111111111,94
943,4178,3.475206611570248,841
944,4179,2.4271844660194173,250
945,4180,4.154471544715447,511
946,4181,1.1290322580645162,35
947,4182,2.979057591623037,569
948,4183,3.8410596026490067,580
949,4184,2.6933333333333334,202
950,4185,5.481481481481482,444
951,4186,5.352941176470588,637
952,4187,7.217054263565892,931
953,4188,12.407608695652174,2283
954,4189,1.1666666666666667,14
955,4190,2.5692307692307694,167
956,4191,3.54,354
957,4192,2.328767123287671,170
958,4193,8.14054054054054,1506
959,4194,1.0,1
960,4195,1.7692307692307692,23
961,4196,1.4285714285714286,10
962,4197,7.91991341991342,3659
963,4198,10.360439560439561,4714
964,4199,1.5625,75
965,4200,1.6588235294117648,141
966,4201,3.3780487804878048,277
967,4202,1.6388888888888888,59
968,4204,16.516483516483518,1503
969,4205,14.539325842696629,1294
970,4206,1.78125,57
971,4207,7.4765625,957
972,4208,2.6862745098039214,137
973,4209,7.60431654676259,1057
974,4210,1.2777777777777777,23
975,4211,1.3333333333333333,32
976,4212,9.576086956521738,881
977,4213,4.011363636363637,353
978,4214,3.663265306122449,359
979,4215,3.56,445
980,4216,4.059701492537314,544
981,4217,3.406015037593985,453
982,4218,1.0,2
983,4220,2.1226415094339623,225
984,4221,3.8289473684210527,291
985,4222,1.1111111111111112,10
986,4223,1.7397260273972603,127
987,4224,1.0,1
988,4226,1.2222222222222223,33
989,4227,1.0,3
990,4228,4.488372093023256,579
991,4229,1.0833333333333333,13
992,4230,8.201612903225806,1017
993,4231,1.2857142857142858,9
994,4233,1.054054054054054,39
995,4234,1.457142857142857,51
996,4235,3.596707818930041,874
997,4236,2.2739726027397262,332
998,4237,9.273722627737227,2541
999,4238,9.842553191489362,2313
1000,4239,3.8827361563517915,1192
1001,4240,1.9279661016949152,455
1002,4241,1.391304347826087,32
1003,4242,2.064516129032258,64
1004,4244,12.034722222222221,1733
1005,4245,1.0,3
1006,4246,3.9318181818181817,173
1007,4247,11.966442953020135,1783
1008,4248,8.425925925925926,1365
1009,4249,8.973262032085561,1678
1010,4250,4.281553398058253,1764
1011,4251,5.201072386058981,1940
1012,4252,3.7214285714285715,1563
1013,4253,2.536332179930796,733
1014,4254,7.487750556792873,3362
1015,4255,3.59846547314578,1407
1016,4256,1.0769230769230769,14
1017,4257,2.0952380952380953,88
1018,4258,2.869565217391304,264
1019,4259,1.0952380952380953,23
1020,4260,1.9878048780487805,163
1021,4261,3.8333333333333335,207
1022,4262,3.5458937198067635,734
1023,4263,1.9166666666666667,23
1024,4264,2.0,4
1025,4266,1.0,2
1026,4267,2.0,14
1027,4269,1.25,5
1028,4271,1.3333333333333333,8
1029,4274,1.9807692307692308,103
1030,4276,1.4516129032258065,45
1031,4277,1.5333333333333334,46
1032,4279,1.0,1
1033,4280,2.8780487804878048,118
1034,4284,1.4,7
1035,4286,1.90625,61
1036,4287,3.85,154
1037,4288,1.0,6
1038,4290,1.4285714285714286,10
1039,4292,1.0,2
1040,4293,2.0,2
1041,4295,2.0,54
1042,4297,2.0,14
1043,4298,1.0,5
1044,4299,1.0,3
1045,4301,1.5333333333333334,23
1046,4302,1.1428571428571428,8
1047,4303,1.4242424242424243,94
1048,4304,2.8,14
1049,4305,2.473684210526316,47
1050,4307,2.5806451612903225,80
1051,4309,1.1428571428571428,8
1052,4310,1.3846153846153846,36
1053,4311,1.5196850393700787,193
1054,4312,1.2580645161290323,39
1055,4314,1.5,9
1056,4315,1.0,1
1057,4316,1.0555555555555556,19
1058,4318,1.0,8
1059,4320,1.7894736842105263,34
1060,4321,2.2142857142857144,31
1061,4324,1.0,6
1062,4325,2.1578947368421053,82
1063,4326,1.0,1
1064,4327,1.2,6
1065,4329,1.0,10
1066,4331,2.183673469387755,107
1067,4333,7.111111111111111,2176
1068,4334,8.046969696969697,5311
1069,4336,2.46875,158
1070,4337,1.2142857142857142,17
1071,4338,4.722222222222222,1870
1072,4339,3.9858757062146895,1411
1073,4340,2.58955223880597,347
1074,4341,2.6261682242990654,281
1075,4342,3.6122047244094486,1835
1076,4343,4.671844660194175,2406
1077,4344,2.6484018264840183,580
1078,4345,3.0980392156862746,948
1079,4346,6.0550964187327825,2198
1080,4347,4.718631178707224,1241
1081,4348,9.397476340694006,2979
1082,4349,7.041009463722397,2232
1083,4350,2.6372549019607843,269
1084,4351,4.663829787234042,1096
1085,4352,6.228971962616822,1333
1086,4353,3.09375,495
1087,4354,1.9466666666666668,146
1088,4355,3.1743119266055047,346
1089,4356,1.2954545454545454,57
1090,4357,5.254237288135593,620
1091,4358,1.0,2
1092,4359,1.3478260869565217,31
1093,4360,2.0736842105263156,197
1094,4361,3.9275766016713094,1410
1095,4362,1.375,11
1096,4363,1.1428571428571428,8
1097,4364,1.8405797101449275,254
1098,4365,3.791044776119403,762
1099,4366,1.6764705882352942,114
1100,4367,8.170305676855895,1871
1101,4368,12.968421052631578,3696
1102,4369,4.396887159533074,1130
1103,4370,3.1065573770491803,379
1104,4371,1.8217821782178218,184
1105,4372,2.3793103448275863,276
1106,4373,2.8134715025906734,543
1107,4374,4.767676767676767,944
1108,4375,2.45578231292517,361
1109,4376,6.267241379310345,1454
1110,4377,7.66875,2454
1111,4378,9.131147540983607,557
1112,4379,4.629716981132075,1963
1113,4380,7.816279069767442,3361
1114,4381,5.96875,573
1115,4382,6.376712328767123,931
1116,4383,9.18,459
1117,4384,6.380434782608695,587
1118,4385,1.0,5
1119,4386,2.1769911504424777,492
1120,4387,1.7738095238095237,149
1121,4388,1.8403361344537814,219
1122,4389,3.0352941176470587,258
1123,4390,5.446808510638298,512
1124,4392,2.6973684210526314,205
1125,4393,3.8152173913043477,351
1126,4394,2.675675675675676,99
1127,4395,2.05,82
1128,4397,1.0,2
1129,4398,2.5,170
1130,4399,8.82638888888889,1271
1131,4400,7.202185792349726,1318
1132,4401,8.29535864978903,1966
1133,4402,11.08955223880597,2229
1134,4403,2.0533333333333332,154
1135,4404,1.0,3
1136,4405,1.5,18
1137,4406,52.56603773584906,8358
1138,4407,29.52542372881356,5226
1139,4408,7.591911764705882,2065
1140,4409,8.114197530864198,2629
1141,4410,5.3254593175853016,2029
1142,4411,13.628654970760234,4661
1143,4412,9.62874251497006,1608
1144,4413,5.516778523489933,822
1145,4414,6.2076502732240435,1136
1146,4415,2.558219178082192,747
1147,4416,4.537396121883656,1638
1148,4417,6.914285714285715,2904
1149,4418,7.967567567567568,1474
1150,4419,4.611428571428571,807
1151,4420,1.4,7
1152,4421,3.8424242424242423,1268
1153,4422,1.2380952380952381,26
1154,4423,1.0666666666666667,16
1155,4424,1.411764705882353,24
1156,4425,4.803324099722992,1734
1157,4426,9.5,1672
1158,4427,8.291970802919709,2272
1159,4428,5.364,1341
1160,4429,4.473684210526316,680
1161,4430,2.259259259259259,122
1162,4431,4.2388059701492535,1420
1163,4432,7.978,3989
1164,4433,5.821292775665399,1531
1165,4434,5.5854037267080745,3597
1166,4435,7.391575663026521,4738
1167,4436,5.539170506912442,1202
1168,4437,3.393939393939394,560
1169,4438,3.0547945205479454,446
1170,4439,2.0307692307692307,132
1171,4440,3.881720430107527,361
1172,4441,7.001824817518248,3837
1173,4442,2.558139534883721,330
1174,4443,3.962962962962963,856
1175,4444,2.139344262295082,261
1176,4445,1.542857142857143,108
1177,4446,2.011627906976744,346
1178,4447,1.3759398496240602,183
1179,4448,4.796536796536796,2216
1180,4449,8.878048780487806,2912
1181,4450,2.282051282051282,445
1182,4451,7.542056074766355,1614
1183,4452,1.868421052631579,71
1184,4453,1.0588235294117647,18
1185,4454,1.368421052631579,78
1186,4455,10.438223938223938,5407
1187,4456,3.11787072243346,820
1188,4457,7.556338028169014,2146
1189,4458,7.207142857142857,2018
1190,4459,6.089928057553957,1693
1191,4460,4.899280575539568,1362
1192,4461,9.892561983471074,2394
1193,4462,4.704225352112676,1002
1194,4463,1.2222222222222223,55
1195,4464,1.5416666666666667,74
1196,4465,1.45,116
1197,4466,9.636363636363637,1802
1198,4467,8.657360406091371,3411
1199,4468,3.463768115942029,239
1200,4469,1.9548872180451127,260
1201,4470,3.347826086956522,77
1202,4471,5.520833333333333,265
1203,4472,4.21875,270
1204,4473,1.1111111111111112,10
1205,4474,2.984567901234568,967
1206,4475,25.932642487046632,10010
1207,4477,1.0,2
1208,4478,1.5555555555555556,28
1209,4479,4.7534246575342465,347
1210,4480,2.2554112554112553,521
1211,4481,10.915407854984894,3613
1212,4483,1.0,20
1213,4485,1.796875,115
1214,4486,2.0,2
1215,4487,1.3333333333333333,12
1216,4488,17.46938775510204,4280
1217,4489,2.7579617834394905,433
1218,4490,4.115646258503402,605
1219,4491,1.368421052631579,52
1220,4492,3.526315789473684,134
1221,4493,2.4046242774566475,416
1222,4495,1.7777777777777777,64
1223,4496,5.248175182481752,719
1224,4497,4.608695652173913,636
1225,4498,1.525,122
1226,4499,1.8217821782178218,184
1227,4500,1.1875,19
1228,4501,1.3333333333333333,16
1229,4503,1.5,30
1230,4504,1.8461538461538463,48
1231,4505,2.3421052631578947,267
1232,4506,2.1666666666666665,221
1233,4507,1.4615384615384615,38
1234,4508,1.0,3
1235,4509,2.2790697674418605,294
1236,4510,3.7304347826086954,858
1237,4511,2.532188841201717,590
1238,4512,7.593181818181818,3341
1239,4513,4.9325,1973
1240,4514,2.31,231
1241,4515,1.8105263157894738,172
1242,4516,1.5555555555555556,28
1243,4517,1.7551020408163265,86
1244,4518,2.0,96
1245,4519,2.0285714285714285,142
1246,4520,5.146067415730337,916
1247,4521,4.036842105263158,767
1248,4522,1.0,1
1249,4523,3.3813559322033897,399
1250,4524,1.523076923076923,99
1251,4525,2.7472527472527473,500
1252,4526,2.175925925925926,235
1253,4527,6.2178571428571425,1741
1254,4528,1.4776119402985075,99
1255,4529,4.006349206349206,1262
1256,4530,5.934959349593496,730
1257,4531,4.2727272727272725,329
1258,4532,2.6,637
1259,4533,2.1735849056603773,576
1260,4534,7.505780346820809,2597
1261,4535,1.4,7
1262,4536,2.242424242424242,222
1263,4537,2.066666666666667,155
1264,4538,2.4444444444444446,110
1265,4539,6.878594249201278,2153
1266,4540,3.44,258
1267,4541,3.1861702127659575,599
1268,4542,1.1666666666666667,21
1269,4543,1.1458333333333333,55
1270,4544,1.6708860759493671,132
1271,4545,1.7439024390243902,143
1272,4546,1.4090909090909092,31
1273,4547,1.391304347826087,32
1274,4549,3.7301587301587302,470
1275,4550,2.1346153846153846,222
1276,4551,7.443181818181818,1310
1277,4552,10.295698924731182,1915
1278,4553,8.175946547884188,3671
1279,4554,9.766738660907128,4522
1280,4555,1.0,7
1281,4556,3.7267441860465116,1282
1282,4557,3.325077399380805,1074
1283,4558,1.5277777777777777,55
1284,4559,3.539325842696629,315
1285,4560,7.111675126903553,1401
1286,4561,9.891304347826088,1820
1287,4562,5.054644808743169,925
1288,4563,4.3028571428571425,753
1289,4564,5.961077844311378,1991
1290,4565,3.1506849315068495,230
1291,4566,4.835616438356165,2118
1292,4567,2.3493975903614457,195
1293,4568,2.25974025974026,174
1294,4569,5.2893617021276595,1243
1295,4570,6.29957805907173,1493
1296,4571,1.0,9
1297,4572,1.619047619047619,34
1298,4573,6.767543859649122,1543
1299,4574,4.218085106382978,793
1300,4575,1.0769230769230769,14
1301,4576,2.15929203539823,244
1302,4578,1.0,1
1303,4579,1.125,9
1304,4580,3.1085972850678734,687
1305,4581,1.0,13
1306,4582,1.2,18
1307,4583,1.0,2
1308,4584,2.231707317073171,183
1309,4585,1.9210526315789473,73
1310,4586,1.3235294117647058,45
1311,4587,1.0,6
1312,4589,1.3636363636363635,45
1313,4590,1.7727272727272727,39
1314,4591,1.3157894736842106,25
1315,4592,1.25,5
1316,4593,1.0,6
1317,4596,1.7,17
1318,4597,3.6875,236
1319,4598,1.0909090909090908,12
1320,4601,1.0,2
1321,4602,9.785714285714286,411
1322,4603,1.1333333333333333,17
1323,4605,1.5,3
1324,4608,1.2222222222222223,11
1325,4609,2.806451612903226,174
1326,4610,1.25,40
1327,4611,3.189655172413793,185
1328,4612,6.570652173913044,1209
1329,4613,8.958115183246074,1711
1330,4614,2.8271604938271606,458
1331,4615,5.649425287356322,983
1332,4616,4.288461538461538,223
1333,4617,4.337078651685394,772
1334,4618,1.9230769230769231,75
1335,4620,3.536842105263158,336
1336,4621,3.111111111111111,308
1337,4622,10.627737226277372,1456
1338,4623,5.348214285714286,599
1339,4624,13.9,695
1340,4625,1.2105263157894737,46
1341,4628,4.135135135135135,153
1342,4629,2.9827586206896552,346
1343,4630,1.7647058823529411,60
1344,4631,1.0,7
1345,4632,1.0,1
1346,4637,1.4444444444444444,39
1347,4638,3.7114093959731544,553
1348,4639,2.09375,67
1349,4640,3.1627906976744184,136
1350,4641,1.6071428571428572,45
1351,4642,2.484848484848485,82
1352,4643,1.3333333333333333,20
1353,4644,1.9375,62
1354,4645,2.1142857142857143,74
1355,4646,1.1111111111111112,10
1356,4647,1.3043478260869565,30
1357,4648,1.0,2
1358,4649,1.8571428571428572,39
1359,4650,1.0,1
1360,4651,5.541666666666667,266
1361,4652,1.1428571428571428,8
1362,4653,1.0909090909090908,12
1363,4655,2.5842696629213484,230
1364,4656,3.297872340425532,155
1365,4657,1.7058823529411764,87
1366,4658,2.682926829268293,110
1367,4659,6.081632653061225,298
1368,4660,2.0,2
1369,4661,2.1842105263157894,83
1370,4662,4.25,255
1371,4663,57.24,2862
1372,4664,2.375,95
1373,4665,3.1904761904761907,134
1374,4667,1.3333333333333333,4
1375,4668,9.30232558139535,400
1376,4669,1.7608695652173914,81
1377,467,1.7619047619047619,37
1378,4670,2.392857142857143,268
1379,4671,3.0952380952380953,260
1380,4673,5.2727272727272725,232
1381,4674,1.6666666666666667,15
1382,4675,1.5,3
1383,4676,1.4,7
1384,5001,1.5454545454545454,17
1385,5002,1.0869565217391304,25
1386,5003,1.0,5
1387,5004,1.25,5
1388,5005,1.37,137
1389,5006,1.2967032967032968,118
1390,5008,5.096866096866097,1789
1391,5009,1.0,5
1392,5010,1.4752475247524752,149
1393,5011,3.11744966442953,929
1394,5012,1.2660550458715596,138
1395,5013,1.2142857142857142,17
1396,5014,6.2782369146005506,2279
1397,5015,2.2138364779874213,352
1398,5016,1.4,14
1399,5017,1.710144927536232,118
1400,5018,2.0588235294117645,70
1401,5019,1.0,1
1402,5022,1.6666666666666667,10
1403,5024,2.0,2
1404,5025,1.0,1
1405,5026,1.125,9
1406,5027,1.0,2
1407,5028,1.6666666666666667,75
1408,5030,1.6538461538461537,43
1409,5031,1.0,16
1410,5032,1.0,4
1411,5033,2.0,26
1412,5036,1.0,6
1413,5040,1.0,8
1414,5043,1.6666666666666667,5
1415,5044,1.0,5
1416,5045,1.0,3
1417,5047,1.0,3
1418,5048,1.0,10
1419,5049,1.0833333333333333,13
1420,5050,1.4,7
1421,5051,1.0,7
1422,5052,1.5161290322580645,47
1423,5053,1.75,7
1424,5055,1.1111111111111112,20
1425,5056,1.0,1
1426,5057,1.375,11
1427,5058,1.0,6
1428,5060,1.1818181818181819,13
1429,5065,1.4,7
1430,5066,1.0,1
1431,5067,1.0,4
1432,5069,1.3,13
1433,5071,1.0,5
1434,5074,1.3333333333333333,12
1435,5076,1.0588235294117647,18
1436,5079,1.0,9
1437,5081,1.0,2
1438,5085,1.2380952380952381,52
1439,5086,1.3333333333333333,16
1440,5088,1.5,12
1441,5090,1.0,1
1442,5091,1.4285714285714286,10
1443,5092,1.0,1
1444,5094,1.876923076923077,122
1445,5095,3.090909090909091,272
1446,5096,1.0,4
1447,5098,2.817204301075269,262
1448,5099,1.6140350877192982,92
1449,5100,3.7588652482269502,530
1450,5101,5.796875,742
1451,5102,2.7,162
1452,5103,4.184782608695652,385
1453,5106,1.1,11
1454,5107,1.0,1
1455,5109,1.0,7
1456,5110,3.0776699029126213,317
1457,5111,12.572916666666666,3621
1458,5112,7.4361702127659575,2097
1459,5113,1.1764705882352942,20
1460,5114,1.1176470588235294,19
1461,5115,1.0,1
1462,5116,1.5416666666666667,37
1463,5117,1.1538461538461537,15
1464,5118,1.4444444444444444,13
1465,5120,1.0,3
1466,5123,1.6666666666666667,5
1467,5125,1.0,6
1468,5126,4.266304347826087,1570
1469,5127,1.0,1
1470,5128,1.631578947368421,62
1471,5129,1.0,1
1472,5130,1.9473684210526316,74
1473,5132,1.0,3
1474,5135,1.0,2
1475,5136,1.0,1
1476,5138,1.3333333333333333,40
1477,5140,1.0,1
1478,5142,1.0,6
1479,5143,1.4545454545454546,16
1480,5144,1.0,1
1481,5145,1.5,3
1482,5147,1.1666666666666667,7
1483,5148,1.0,3
1484,5149,5.5204819277108435,2291
1485,5150,2.0296296296296297,274
1486,5151,3.147727272727273,554
1487,5152,1.404040404040404,139
1488,5153,1.4444444444444444,182
1489,5154,2.7333333333333334,451
1490,5155,1.5384615384615385,140
1491,5156,1.5609756097560976,192
1492,5157,4.081196581196581,955
1493,5158,5.418079096045198,959
1494,5159,11.942105263157895,6807
1495,5160,4.96078431372549,253
1496,5161,1.5263157894736843,58
1497,5162,2.0,4
1498,5163,1.6666666666666667,5
1499,5164,2.291457286432161,456
1500,5165,2.8076923076923075,219
1501,5166,6.367441860465116,2738
1502,5167,7.865384615384615,409
1503,5168,2.9649122807017543,169
1504,5169,1.566137566137566,296
1505,5170,2.2028985507246377,456
1506,5171,1.7058823529411764,203
1507,5172,7.861003861003861,2036
1508,5173,4.4,1012
1509,5174,12.9375,1035
1510,5175,1.0,4
1511,5176,1.9827586206896552,345
1512,5177,1.5376344086021505,143
1513,5178,2.0093896713615025,428
1514,5179,2.3783783783783785,88
1515,5180,1.2857142857142858,18
1516,5181,2.108695652173913,388
1517,5182,1.4166666666666667,102
1518,5183,6.864541832669323,1723
1519,5184,4.683168316831683,946
1520,5185,5.286821705426356,1364
1521,5186,8.052631578947368,2295
1522,5187,5.330188679245283,1130
1523,5188,4.082926829268293,837
1524,5189,2.925925925925926,553
1525,5190,1.323943661971831,94
1526,5191,6.864485981308412,1469
1527,5192,8.21875,1841
1528,5193,9.894736842105264,752
1529,5194,9.893617021276595,2790
1530,5195,8.244755244755245,2358
1531,5196,1.8125,58
1532,5197,8.869565217391305,612
1533,5198,2.5850340136054424,380
1534,5199,3.7355371900826446,904
1535,5200,2.066666666666667,62
1536,5201,9.170212765957446,431
1537,5202,1.15,23
1538,5203,2.185770750988142,553
1539,5206,1.2952380952380953,136
1540,5207,1.7100591715976332,289
1541,5208,2.3286713286713288,666
1542,5209,1.835820895522388,369
1543,5214,1.982608695652174,456
1544,5215,2.3705583756345177,467
1545,5216,1.3235294117647058,135
1546,5217,5.763723150357995,2415
1547,5218,5.880239520958084,982
1548,5219,2.801282051282051,437
1549,5220,1.7548387096774194,272
1550,5221,2.374301675977654,425
1551,5225,5.35,535
1552,5226,2.5384615384615383,33
1553,5227,1.0,3
1554,5228,2.1666666666666665,13
1555,5229,1.3043478260869565,30
1556,5231,1.0,1
1557,5232,1.0,3
1558,5233,1.0,3
1559,5236,13.61437908496732,2083
1560,5237,1.4,35
1561,5238,1.0,2
1562,5239,2.0,2
1563,5240,1.4666666666666666,132
1564,5242,6.271428571428571,1317
1565,5243,1.4659090909090908,129
1566,5244,2.215568862275449,370
1567,5245,2.8625954198473282,375
1568,5246,3.420689655172414,496
1569,5247,4.257142857142857,745
1570,5248,5.859550561797753,1043
1571,5249,1.7428571428571429,61
1572,5250,1.5238095238095237,64
1573,5252,3.2888888888888888,444
1574,5253,1.3278688524590163,81
1575,5254,2.9012345679012346,940
1576,5255,1.2272727272727273,27
1577,5256,1.6631578947368422,158
1578,5257,2.1379310344827585,496
1579,5258,4.23448275862069,614
1580,5259,3.390909090909091,373
1581,5260,3.26056338028169,926
1582,5261,11.169398907103826,2044
1583,5262,6.772486772486772,1280
1584,5263,1.8135593220338984,107
1585,5264,4.7701149425287355,415
1586,5265,17.945205479452056,5240
1587,5266,1.8053097345132743,204
1588,5267,3.8780487804878048,318
1589,5268,2.3132530120481927,192
1590,5269,3.9529411764705884,336
1591,5270,5.6,532
1592,5271,11.004219409282701,2608
1593,5272,7.915611814345992,1876
1594,5273,10.73222748815166,4529
1595,5274,7.784119106699752,3137
1596,5279,3.9489795918367347,774
1597,5280,2.48125,397
1598,5281,1.542857142857143,162
1599,5282,2.8120805369127515,419
1600,5283,3.3846153846153846,528
1601,5284,2.146788990825688,234
1602,5285,1.0,1
1603,5288,8.947368421052632,2210
1604,5289,1.6946107784431137,283
1605,5290,1.907216494845361,370
1606,5291,2.346368715083799,420
1607,5292,3.27,327
1608,5293,2.1884057971014492,151
1609,5294,4.801507537688442,1911
1610,5295,2.985549132947977,1033
1611,5296,4.0225,1609
1612,5297,3.913279132791328,1444
1613,5298,3.0904761904761906,649
1614,5299,2.2790697674418605,294
1615,5300,1.8469945355191257,338
1616,5301,2.5806451612903225,320
1617,5302,4.066115702479339,492
1618,5303,7.1402298850574715,3106
1619,5304,3.1923076923076925,1245
1620,5305,9.069544364508394,3782
1621,5306,9.822222222222223,3536
1622,5307,1.6071428571428572,45
1623,5308,1.2857142857142858,9
1624,5309,10.87659574468085,2556
1625,5310,12.041666666666666,2890
1626,5311,1.8983957219251337,355
1627,5312,2.911290322580645,722
1628,5313,7.173361522198731,3393
1629,5314,6.968814968814969,3352
1630,5315,6.512765957446809,3061
1631,5316,7.512658227848101,3561
1632,5317,5.510791366906475,766
1633,5318,5.142857142857143,828
1634,5319,4.804347826086956,442
1635,5320,6.172043010752688,574
1636,5321,3.411764705882353,754
1637,5322,9.59375,2149
1638,5324,1.0,2
1639,5326,1.125,9
1640,5327,1.0,9
1641,5330,2.0,18
1642,5334,1.0,3
1643,5336,1.0,4
1644,5338,1.4,7
1645,5339,1.0,2
1646,5341,1.4761904761904763,31
1647,5344,1.0714285714285714,15
1648,5349,1.5,3
1649,5351,1.0,1
1650,5354,1.0,1
1651,5356,1.0,1
1652,5359,1.0476190476190477,22
1653,5360,1.0,12
1654,5367,1.8,9
1655,5368,1.0,14
1656,5374,1.0,1
1657,5376,1.0,1
1658,5378,1.1818181818181819,13
1659,5379,1.0,1
1660,5381,1.1818181818181819,13
1661,5384,1.5,3
1662,5387,1.0,1
1663,5389,1.3333333333333333,8
1664,5390,1.0,8
1665,5392,2.4489795918367347,240
1666,5393,6.231404958677686,754
1667,5394,1.1363636363636365,25
1668,5395,7.716867469879518,1281
1669,5396,1.2272727272727273,27
1670,5397,1.5964912280701755,91
1671,5398,2.96875,190
1672,5399,1.6323529411764706,111
1673,5400,1.9833333333333334,119
1674,5401,2.376068376068376,278
1675,5402,7.451851851851852,2012
1676,5403,7.904761904761905,830
1677,5404,1.0,6
1678,5405,1.558139534883721,67
1679,5406,3.787878787878788,875
1680,5409,1.6551724137931034,48
1681,5410,3.252173913043478,748
1682,5411,4.841463414634147,397
1683,5412,2.7906976744186047,120
1684,5413,1.2325581395348837,53
1685,5414,1.125,9
1686,5415,1.5277777777777777,55
1687,5416,3.2222222222222223,174
1688,5417,4.624434389140271,1022
1689,5418,6.374149659863946,937
1690,5419,2.375,190
1691,5420,2.69811320754717,286
1692,5421,1.6956521739130435,117
1693,5422,1.621212121212121,107
1694,5423,4.055555555555555,219
1695,5424,10.495098039215685,2141
1696,5425,8.163934426229508,498
1697,5426,5.118881118881119,732
1698,5427,2.8554913294797686,494
1699,5428,12.42436974789916,2957
1700,5429,2.8253968253968256,178
1701,5430,4.246913580246914,344
1702,5431,6.5036496350364965,1782
1703,5432,2.310734463276836,409
1704,5433,4.166666666666667,425
1705,5434,2.3870967741935485,148
1706,5435,1.8642857142857143,261
1707,5436,4.041884816753926,772
1708,5437,3.5673076923076925,371
1709,5438,2.654320987654321,215
1710,5439,1.7413793103448276,101
1711,5440,3.4571428571428573,363
1712,5441,6.525714285714286,1142
1713,5442,6.206751054852321,1471
1714,5443,4.1891891891891895,620
1715,5444,1.4155844155844155,109
1716,5445,16.189252336448597,6929
1717,5446,9.470454545454546,4167
1718,5447,1.6290322580645162,101
1719,5448,2.8255813953488373,243
1720,5449,4.520325203252033,1112
1721,5450,10.671140939597315,1590
1722,5451,4.830985915492958,1029
1723,5452,2.2804878048780486,187
1724,5453,2.7642276422764227,340
1725,5454,9.795366795366796,2537
1726,5455,3.730337078651685,332
1727,5456,2.672,334
1728,5457,1.0,1
1729,5458,2.389705882352941,325
1730,5459,6.333333333333333,931
1731,5462,1.5,9
1732,5466,1.0,13
1733,5467,2.272727272727273,25
1734,5470,1.0357142857142858,29
1735,5471,1.9076923076923078,124
1736,5472,1.0,2
1737,5473,1.0,4
1738,5474,1.0,2
1739,5475,1.0,2
1740,5477,1.4444444444444444,13
1741,5480,1.56,39
1742,5482,1.0,8
1743,5484,1.1428571428571428,8
1744,5486,5.377358490566038,285
1745,5487,1.0,3
1746,5488,1.0,7
1747,5489,1.0909090909090908,12
1748,5490,1.1818181818181819,13
1749,5492,1.3333333333333333,4
1750,5494,2.076923076923077,81
1751,5495,3.5348837209302326,152
1752,5498,1.6226415094339623,86
1753,5500,1.380952380952381,29
1754,5501,1.59375,51
1755,5502,1.5,39
1756,5503,2.590909090909091,114
1757,5504,1.2333333333333334,37
1758,5505,3.1136363636363638,274
1759,5508,3.467741935483871,215
1760,5509,1.7222222222222223,124
1761,5510,2.3333333333333335,98
1762,5511,4.76,238
1763,5516,2.8979591836734695,142
1764,5517,1.0,2
1765,5518,1.5,12
1766,5519,1.0,4
1767,5521,1.0,6
1768,5522,1.4583333333333333,105
1769,5523,2.9876543209876543,484
1770,5524,10.35483870967742,642
1771,5525,1.7666666666666666,53
1772,5526,2.1333333333333333,64
1773,5527,1.3157894736842106,25
1774,5530,2.740740740740741,74
1775,5532,5.2444444444444445,236
1776,5533,8.466666666666667,381
1777,5536,6.90566037735849,366
1778,5537,11.127659574468085,523
1779,5538,1.736842105263158,33
1780,5539,1.8333333333333333,11
1781,5541,2.0833333333333335,100
1782,5542,1.1875,19
1783,5543,1.2,12
1784,5544,1.1666666666666667,7
1785,5545,1.375,33
1786,5548,7.8936170212765955,371
1787,5549,2.5142857142857142,88
1788,5550,3.8333333333333335,184
1789,5551,1.5263157894736843,58
1790,5552,1.0,1
1791,5553,1.3076923076923077,17
1792,5554,7.444444444444445,335
1793,5555,1.0,1
1794,5560,9.672413793103448,561
1795,5561,8.288461538461538,431
1796,5562,6.371794871794871,497
1797,5563,4.478260869565218,206
1798,5566,2.3108808290155443,446
1799,5567,2.211864406779661,261
1800,5568,3.759259259259259,203
1801,5569,6.25,300
1802,5570,3.3529411764705883,285
1803,5571,1.0,2
1804,5572,1.40625,45
1805,5573,1.5777777777777777,71
1806,5574,8.579545454545455,755
1807,5575,5.65,226
1808,5576,2.0925925925925926,113
1809,5577,1.8717948717948718,73
1810,5578,3.9698795180722892,659
1811,5579,1.816793893129771,238
1812,5580,4.474489795918367,877
1813,5583,1.864864864864865,138
1814,5584,4.292035398230088,485
1815,5585,1.0,2
1816,5587,1.0,1
1817,5590,1.0625,17
1818,5592,1.3333333333333333,4
1819,5594,1.0909090909090908,12
1820,5598,1.0,2
1821,5600,1.1818181818181819,13
1822,5604,1.0,1
1823,5605,1.0,1
1824,5609,1.0,2
1825,5614,1.25,15
1826,5615,1.0,1
1827,5618,1.2,6
1828,5620,1.0,1
1829,5624,2.0,4
1830,5626,1.0,1
1831,5627,4.5473684210526315,432
1832,5628,3.0,3
1833,5629,4.146341463414634,170
1834,5630,1.25,5
1835,5631,1.0,1
1836,5634,1.2352941176470589,21
1837,5643,1.0,5
1838,5644,1.0,6
1839,5646,1.5,3
1840,5647,1.0,1
1841,5649,1.0625,17
1842,5650,1.0,2
1843,5651,1.6666666666666667,30
1844,5653,2.0,2
1845,5654,1.0,5
1846,5656,3.69811320754717,588
1847,5657,9.311475409836065,1136
1848,5658,1.6818181818181819,259
1849,5659,1.43,143
1850,5660,1.0,1
1851,5661,1.0,1
1852,5671,1.3636363636363635,15
1853,5677,1.0,7
1854,5680,1.0,1
1855,5681,2.6285714285714286,92
1856,5682,1.0,2
1857,5687,1.3703703703703705,37
1858,5688,1.1428571428571428,16
1859,5689,1.5,9
1860,5690,1.2352941176470589,21
1861,5691,2.883720930232558,124
1862,5692,1.59375,51
1863,5693,1.0,2
1864,5694,1.0,1
1865,5697,1.5432098765432098,125
1866,5698,2.1333333333333333,64
1867,5699,1.7142857142857142,120
1868,5700,3.506172839506173,852
1869,5701,11.867647058823529,2421
1870,5702,5.2,1456
1871,5703,7.464406779661017,2202
1872,5704,17.183673469387756,1684
1873,5705,1.0,2
1874,5706,2.8947368421052633,330
1875,5707,6.837320574162679,1429
1876,5708,5.1415094339622645,545
1877,5709,3.142857142857143,396
1878,5710,15.031578947368422,1428
1879,5711,28.54861111111111,4111
1880,5713,2.4210526315789473,92
1881,5714,4.171568627450981,851
1882,5715,2.1153846153846154,220
1883,5716,1.6296296296296295,88
1884,5717,4.891402714932127,1081
1885,5721,3.4152542372881354,403
1886,5722,1.9019607843137254,97
1887,5727,5.136792452830188,1089
1888,5728,4.7592592592592595,1028
1889,5729,1.705128205128205,133
1890,5730,4.296875,550
1891,5731,1.2295081967213115,75
1892,5732,6.195804195804196,886
1893,5733,1.2,6
1894,5734,6.242424242424242,1442
1895,5735,2.4710743801652892,299
1896,5736,5.897321428571429,1321
1897,5738,2.1530612244897958,211
1898,5740,3.841463414634146,315
1899,5741,1.0,1
1900,5742,14.725,3534
1901,5743,6.688311688311688,1545
1902,5744,1.0,4
1903,5745,37.170833333333334,8921
1904,5746,1.5,42
1905,5747,1.0,1
1906,5748,1.5588235294117647,53
1907,5751,7.686746987951807,638
1908,5752,1.5901639344262295,97
1909,5753,8.112903225806452,1509
1910,5754,5.571428571428571,507
1911,5755,2.6493506493506493,204
1912,5759,3.763157894736842,143
1913,5760,1.0,4
1914,5761,2.473684210526316,188
1915,5762,1.7608695652173914,81
1916,5763,2.8333333333333335,221
1917,5764,4.674418604651163,402
1918,5765,2.366412213740458,310
1919,5766,2.906832298136646,468
1920,5767,16.666666666666668,2400
1921,5768,7.0,980
1922,5771,1.0,3
1923,5772,1.0,2
1924,5774,1.0,5
1925,5776,1.125,9
1926,5778,1.0,4
1927,5780,1.2857142857142858,9
1928,5782,1.0,2
1929,5784,1.2142857142857142,17
1930,5786,1.6666666666666667,5
1931,5787,1.2,6
1932,5790,1.0,5
1933,5792,1.911764705882353,65
1934,5798,2.451219512195122,201
1935,5799,1.2380952380952381,26
1936,5800,2.1511627906976742,185
1937,5801,1.6237623762376239,164
1938,5802,4.45859872611465,700
1939,5803,1.9565217391304348,90
1940,5804,1.930232558139535,83
1941,5806,2.0,2
1942,5850,7.110169491525424,839
1943,5851,1.0204081632653061,50
1944,5852,1.25,10
1945,5853,1.8095238095238095,38
1946,5854,2.097560975609756,86
1947,5859,1.0,1
1948,5863,1.0,2
1949,5864,1.3333333333333333,4
1950,5865,1.0,2
1951,5866,2.0,2
1952,5868,7.635416666666667,733
1953,5869,1.2222222222222223,22
1954,5871,2.808219178082192,205
1955,5872,1.8611111111111112,201
1956,5875,2.0,2
1957,5878,1.0,1
1958,5879,1.0,2
1959,5881,2.0,2
1960,5883,8.1125,649
1961,5885,5.455882352941177,371
1962,5887,7.9605263157894735,605
1963,5889,3.8275862068965516,222
1964,5890,1.0,1
1965,5891,5.080645161290323,315
1966,5892,1.7560975609756098,72
1967,5894,1.5333333333333334,46
1968,5896,2.58974358974359,101
1969,5898,1.7027027027027026,63
1970,5900,2.0,2
1971,5901,11.047619047619047,464
1972,5902,14.545454545454545,640
1973,5903,1.0,1
1974,5904,4.0,152
1975,5905,1.0,1
1976,5906,3.484848484848485,115
1977,5908,4.384615384615385,171
1978,5910,1.375,11
1979,5911,2.893617021276596,136
1980,5913,1.3680555555555556,197
1981,5915,1.0,1
1982,5924,2.9393939393939394,97
1983,5925,6.525,261
1984,5926,3.2325581395348837,139
1985,5927,3.477272727272727,153
1986,5928,4.125,165
1987,5929,6.883720930232558,296
1988,5930,4.05,162
1989,5931,4.425,177
1990,5936,5.979166666666667,287
1991,5937,4.295454545454546,189
1992,5942,1.0,2
1993,5948,2.388888888888889,86
1994,5950,1.6,56
1995,5953,4.032967032967033,367
1996,5954,1.0,1
1997,5955,1.5757575757575757,52
1998,5956,1.6923076923076923,22
1999,5957,3.858695652173913,355
2000,5958,2.5365853658536586,104
2001,5959,8.893617021276595,418
2002,5961,4.233333333333333,381
2003,5962,4.77906976744186,411
2004,5963,2.5822784810126582,204
2005,5964,1.5789473684210527,30
2006,5966,1.0,1
2007,5967,1.0,5
2008,5968,4.375,420
2009,5969,2.303030303030303,76
2010,5970,1.3076923076923077,17
2011,5972,1.0,1
2012,5973,1.0,2
2013,5975,1.1428571428571428,8
2014,5976,1.0,3
2015,5977,1.7666666666666666,53
2016,5978,1.7777777777777777,32
2017,5980,1.7692307692307692,46
2018,5985,1.0,9
2019,5994,2.8484848484848486,94
2020,6002,1.2222222222222223,11
2021,6003,1.0,3
2022,6005,1.0,10
2023,6007,1.3636363636363635,15
2024,6008,2.3666666666666667,71
2025,6009,1.5172413793103448,44
2026,6010,1.0,6
2027,6011,1.5294117647058822,26
2028,6012,1.0,1
2029,6014,1.0,4
2030,6015,1.0,4
2031,6017,1.0,6
2032,6018,1.0,1
2033,6019,1.0,5
2034,6020,2.4722222222222223,89
2035,6021,1.0,1
2036,6022,1.1071428571428572,31
2037,6023,1.7777777777777777,32
2038,6025,1.0,2
2039,6028,1.1818181818181819,13
2040,6030,1.3,13
2041,6033,2.0,4
2042,6035,1.0,1
2043,6037,1.0,8
2044,6038,4.5,135
2045,6040,1.0,1
2046,6042,1.0,6
2047,6044,1.2222222222222223,11
2048,6047,2.05,41
2049,6052,1.5,15
2050,6053,2.6486486486486487,98
2051,6054,1.0,1
2052,6055,11.25,495
2053,6057,1.0,1
2054,6059,2.1785714285714284,61
2055,6063,1.0,3
2056,6064,2.7142857142857144,57
2057,6065,10.043478260869565,462
2058,6066,4.2,21
2059,6068,1.0,2
2060,6069,2.9473684210526314,112
2061,6072,1.6,8
2062,6073,1.0,3
2063,6074,1.0,1
2064,6080,1.2727272727272727,14
2065,6081,1.25,10
2066,6083,1.25,5
2067,6086,1.4210526315789473,27
2068,6092,1.0,1
2069,6093,1.0,1
2070,6094,1.1666666666666667,7
2071,6096,1.0833333333333333,13
2072,6098,1.0,2
2073,6099,1.6486486486486487,61
2074,6100,1.0,2
2075,6101,1.0,1
2076,6103,1.0,3
2077,6106,1.0,3
2078,6110,1.2222222222222223,11
2079,6113,1.1111111111111112,10
2080,6115,1.1666666666666667,14
2081,6116,1.0,1
2082,6117,1.0,1
2083,6118,3.5217391304347827,162
2084,6119,1.0,3
2085,6120,1.0,1
2086,6126,1.1111111111111112,10
2087,6127,1.0,2
2088,6128,2.128205128205128,83
2089,6129,1.8333333333333333,11
2090,6130,1.3333333333333333,4
2091,6131,1.0,9
2092,6138,1.9333333333333333,29
2093,6139,2.0,2
2094,6142,1.7241379310344827,50
2095,6143,1.0,1
2096,6144,1.6,8
2097,6148,1.5,24
2098,6150,1.962962962962963,53
2099,6171,1.3333333333333333,8
2100,6175,1.1111111111111112,10
2101,6177,1.25,5
2102,6181,1.0,1
2103,6182,1.1666666666666667,7
2104,6185,1.1111111111111112,30
2105,6187,1.25,45
2106,6189,1.0,1
2107,6190,2.2,77
2108,6192,1.3235294117647058,45
2109,6193,1.0,1
2110,6194,1.2058823529411764,41
2111,6213,2.0,2
2112,6215,1.0,1
2113,6223,1.0,8
2114,6224,1.0,1
2115,6225,1.0,6
2116,6227,1.0,2
2117,6230,1.0,1
2118,6236,1.0,1
2119,6238,1.4615384615384615,38
2120,6239,1.0,2
2121,6240,1.0,2
2122,6243,1.0,5
2123,6256,2.0,2
2124,6292,1.0,1
2125,6294,1.0,1
2126,6335,1.5,12
2127,6336,1.0,1
2128,6340,1.6363636363636365,54
2129,6343,1.0,1
2130,6344,1.0,5
2131,6345,1.12,28
2132,6346,1.0,4
2133,6351,1.0,10
2134,6357,1.5,12
2135,6367,1.76,44
2136,6369,2.641025641025641,103
2137,6377,1.2142857142857142,17
2138,6378,1.6,16
2139,6379,1.0,13
2140,6380,1.7096774193548387,53
2141,6381,1.0,5
2142,6382,1.4285714285714286,30
2143,6383,2.871794871794872,112
2144,6384,1.0,2
2145,6385,3.520661157024793,426
2146,6386,2.1186440677966103,125
2147,6389,1.375,11
2148,6390,1.3333333333333333,4
2149,6391,3.7818181818181817,208
2150,6392,3.6,234
2151,6393,1.5151515151515151,50
2152,6394,6.876190476190477,722
2153,6395,5.813953488372093,250
2154,6396,1.3333333333333333,4
2155,6397,1.0833333333333333,13
2156,6398,1.0,1
2157,6399,1.3846153846153846,54
2158,6400,2.297872340425532,108
2159,6401,1.3,39
2160,6402,2.5952380952380953,218
2161,6407,1.6666666666666667,45
2162,6408,1.0,6
2163,6409,1.3333333333333333,8
2164,6410,1.5490196078431373,79
2165,6411,1.935483870967742,60
2166,6417,1.0,3
2167,6419,1.3333333333333333,36
2168,6422,1.0,2
2169,6426,1.0,26
2170,6427,1.5,3
2171,6428,1.9565217391304348,45
2172,6429,1.0,3
2173,6434,1.3333333333333333,4
2174,6436,1.0,2
2175,6443,1.0,1
2176,6444,1.0,3
2177,6445,1.0,3
2178,6446,33.395833333333336,1603
2179,6449,1.7272727272727273,19
2180,6450,39.25,1884
2181,6451,50.104166666666664,2405
2182,6457,1.1176470588235294,19
2183,6461,1.0,4
2184,6462,1.6153846153846154,42
2185,6464,1.0,1
2186,6466,2.0344827586206895,59
2187,6468,3.6222222222222222,163
2188,6469,1.0,1
2189,6470,1.3333333333333333,8
2190,6602,2.0,6
2191,6604,1.2,6
2192,6606,1.125,9
2193,6608,1.8333333333333333,55
2194,6610,1.8387096774193548,57
2195,6612,1.7741935483870968,55
2196,6618,1.46875,47
2197,6619,1.5,36
2198,6620,1.105263157894737,42
2199,6621,1.0,2
2200,6622,17.145833333333332,823
